posting_id,title_clean,contract_type,city,cluster_id,cluster_name,num_skills,silhouette_score
LI-MUN-20240609-001,Werkstudent Data Analytics,Werkstudent,Munich,3,ML & Research,7,0.61
IND-ESS-20250318-001,Analytics Engineer,Full-time,Essen,3,ML & Research,10,0.61
IND-MUN-20250323-002,Analytics Engineer,Full-time,Munich,3,ML & Research,11,0.61
LI-STU-20240110-001,Praktikant Data Science,Werkstudent,Stuttgart,1,Core Analytics & Student Entry,5,0.61
SS-MUN-20240517-001,ML Engineer,Full-time,Munich,1,Core Analytics & Student Entry,6,0.61
IND-COL-20240625-001,Werkstudent Machine Learning,Werkstudent,Cologne,3,ML & Research,14,0.61
SS-FRA-20240629-001,Senior Data Analyst,Full-time,Frankfurt,3,ML & Research,12,0.61
IND-FRA-20241117-001,Analytics Engineer,Full-time,Frankfurt,3,ML & Research,12,0.61
LI-MUN-20241118-001,Praktikant Data Analyst,Praktikum,Munich,1,Core Analytics & Student Entry,11,0.61
IND-BER-20240409-001,Senior Data Engineer,Full-time,Berlin,1,Core Analytics & Student Entry,7,0.61
SS-FRA-20240430-001,Freelance BI Consultant,Freelance/Contract,Frankfurt,2,Cloud Data Engineering,10,0.61
LI-BER-20241215-001,Werkstudent BI,Werkstudent,Berlin,1,Core Analytics & Student Entry,6,0.61
SS-BER-20250326-001,Praktikant Data Science,Praktikum,Berlin,1,Core Analytics & Student Entry,8,0.61
IND-BER-20240226-001,Praktikant Data Science,Praktikum,Berlin,1,Core Analytics & Student Entry,9,0.61
SS-DOR-20240711-001,Data Scientist,Full-time,Dortmund,3,ML & Research,12,0.61
IND-DOR-20250107-001,Data Architect,Full-time,Dortmund,1,Core Analytics & Student Entry,10,0.61
LI-OTH-20240414-001,Werkstudent Data Science,Werkstudent,Other,1,Core Analytics & Student Entry,6,0.61
SS-FRA-20250215-001,Analytics Engineer,Full-time,Frankfurt,1,Core Analytics & Student Entry,7,0.61
IND-STU-20250110-001,ML Engineer,Full-time,Stuttgart,3,ML & Research,10,0.61
LI-HAM-20240828-001,Praktikant Data Analyst,Praktikum,Hamburg,1,Core Analytics & Student Entry,5,0.61
SS-DOR-20250124-001,Praktikant Business Intelligence,Praktikum,Dortmund,1,Core Analytics & Student Entry,9,0.61
IND-DOR-20240107-001,ML Engineer,Full-time,Dortmund,2,Cloud Data Engineering,15,0.61
SS-HAM-20250317-001,Werkstudent Data Analytics,Werkstudent,Hamburg,2,Cloud Data Engineering,12,0.61
SS-BER-20250218-003,Werkstudent Machine Learning,Werkstudent,Berlin,4,Enterprise BI & Reporting,8,0.61
IND-ESS-20240228-001,Senior Data Analyst,Full-time,Essen,4,Enterprise BI & Reporting,7,0.61
SS-COL-20241125-001,BI Engineer,Full-time,Cologne,3,ML & Research,13,0.61
LI-HAM-20240425-001,Praktikant Data Science,Praktikum,Hamburg,1,Core Analytics & Student Entry,6,0.61
LI-BER-20240224-001,Werkstudent BI,Werkstudent,Berlin,1,Core Analytics & Student Entry,7,0.61
SS-FRA-20241203-002,Data Analyst,Full-time,Frankfurt,3,ML & Research,14,0.61
LI-BER-20240817-001,Data Architect,Full-time,Berlin,2,Cloud Data Engineering,14,0.61
IND-OTH-20240129-002,BI Engineer,Full-time,Other,2,Cloud Data Engineering,12,0.61
SS-ESS-20241231-001,Werkstudent BI,Werkstudent,Essen,1,Core Analytics & Student Entry,9,0.61
LI-MUN-20240717-001,BI Engineer,Full-time,Munich,1,Core Analytics & Student Entry,6,0.61
IND-MUN-20241102-002,Business Intelligence Analyst,Full-time,Munich,4,Enterprise BI & Reporting,7,0.61
SS-MUN-20250222-002,BI Engineer,Full-time,Munich,2,Cloud Data Engineering,11,0.61
LI-BER-20240220-001,Senior Data Analyst,Full-time,Berlin,1,Core Analytics & Student Entry,6,0.61
IND-MUN-20241216-001,Analytics Engineer,Full-time,Munich,3,ML & Research,9,0.61
IND-MUN-20240507-001,Senior Data Analyst,Full-time,Munich,2,Cloud Data Engineering,13,0.61
SS-BER-20240408-001,Werkstudent Data Analytics,Werkstudent,Berlin,1,Core Analytics & Student Entry,7,0.61
IND-HAM-20250226-003,Werkstudent Data Analytics,Werkstudent,Hamburg,1,Core Analytics & Student Entry,7,0.61
LI-BER-20240131-001,Contract Data Analyst,Freelance/Contract,Berlin,4,Enterprise BI & Reporting,11,0.61
SS-BER-20240809-001,Praktikant Data Science,Praktikum,Berlin,1,Core Analytics & Student Entry,7,0.61
IND-STU-20240413-001,Contract ML Engineer,Freelance/Contract,Stuttgart,2,Cloud Data Engineering,14,0.61
LI-BER-20240721-001,Business Intelligence Analyst,Full-time,Berlin,2,Cloud Data Engineering,11,0.61
LI-FRA-20240519-001,Data Scientist,Full-time,Frankfurt,4,Enterprise BI & Reporting,8,0.61
LI-BER-20240809-002,Praktikant Business Intelligence,Praktikum,Berlin,1,Core Analytics & Student Entry,6,0.61
SS-HAM-20240331-001,BI Engineer,Full-time,Hamburg,3,ML & Research,12,0.61
SS-ESS-20240213-001,Senior Data Engineer,Full-time,Essen,2,Cloud Data Engineering,10,0.61
LI-BER-20240902-001,ML Engineer,Full-time,Berlin,2,Cloud Data Engineering,11,0.61
SS-BER-20241009-001,Data Analyst,Full-time,Berlin,3,ML & Research,12,0.61
SS-HAM-20250206-001,Senior Data Engineer,Full-time,Hamburg,2,Cloud Data Engineering,11,0.61
IND-FRA-20240302-001,ML Engineer,Full-time,Frankfurt,4,Enterprise BI & Reporting,7,0.61
LI-BER-20250314-001,Werkstudent Data Science,Werkstudent,Berlin,1,Core Analytics & Student Entry,6,0.61
SS-OTH-20240722-001,Praktikant Data Analyst,Praktikum,Other,1,Core Analytics & Student Entry,6,0.61
IND-HAM-20250210-002,Data Engineer,Full-time,Hamburg,2,Cloud Data Engineering,12,0.61
LI-DOR-20240531-001,Senior Data Engineer,Full-time,Dortmund,2,Cloud Data Engineering,13,0.61
SS-COL-20240618-001,Data Scientist,Full-time,Cologne,1,Core Analytics & Student Entry,6,0.61
LI-OTH-20240201-001,Praktikant Data Analyst,Praktikum,Other,1,Core Analytics & Student Entry,6,0.61
IND-HAM-20241116-001,ML Engineer,Full-time,Hamburg,1,Core Analytics & Student Entry,8,0.61
SS-OTH-20240510-001,Praktikant Data Science,Praktikum,Other,1,Core Analytics & Student Entry,5,0.61
SS-FRA-20250319-001,Werkstudent Data Engineering,Werkstudent,Frankfurt,1,Core Analytics & Student Entry,8,0.61
LI-MUN-20240223-001,Data Architect,Full-time,Munich,2,Cloud Data Engineering,12,0.61
SS-BER-20240901-002,Senior Data Engineer,Full-time,Berlin,2,Cloud Data Engineering,15,0.61
SS-DOR-20240512-001,Senior Data Analyst,Full-time,Dortmund,4,Enterprise BI & Reporting,8,0.61
SS-BER-20240713-001,Data Scientist,Full-time,Berlin,1,Core Analytics & Student Entry,5,0.61
LI-LEI-20240707-001,Business Intelligence Analyst,Full-time,Leipzig,2,Cloud Data Engineering,11,0.61
IND-COL-20240731-001,Data Analyst,Full-time,Cologne,2,Cloud Data Engineering,12,0.61
IND-DOR-20250204-001,Werkstudent Machine Learning,Werkstudent,Dortmund,1,Core Analytics & Student Entry,6,0.61
IND-BER-20240706-001,Werkstudent Machine Learning,Werkstudent,Berlin,2,Cloud Data Engineering,12,0.61
SS-OTH-20240214-001,Contract ML Engineer,Freelance/Contract,Other,1,Core Analytics & Student Entry,5,0.61
SS-BER-20250228-001,Werkstudent Machine Learning,Werkstudent,Berlin,1,Core Analytics & Student Entry,8,0.61
IND-COL-20250308-001,Werkstudent Data Analytics,Werkstudent,Cologne,1,Core Analytics & Student Entry,6,0.61
SS-COL-20240414-001,Data Analyst,Full-time,Cologne,2,Cloud Data Engineering,11,0.61
IND-BER-20240317-001,Praktikant Data Analyst,Praktikum,Berlin,1,Core Analytics & Student Entry,7,0.61
SS-BER-20240625-002,Data Analyst,Full-time,Berlin,4,Enterprise BI & Reporting,4,0.61
SS-STU-20240503-001,Senior Data Analyst,Full-time,Stuttgart,2,Cloud Data Engineering,13,0.61
SS-MUN-20240902-001,Werkstudent Data Engineering,Werkstudent,Munich,1,Core Analytics & Student Entry,6,0.61
IND-HAM-20240526-001,Senior Data Engineer,Full-time,Hamburg,2,Cloud Data Engineering,12,0.61
SS-DOR-20240515-002,Senior Data Analyst,Full-time,Dortmund,4,Enterprise BI & Reporting,10,0.61
IND-FRA-20240629-001,Data Scientist,Full-time,Frankfurt,2,Cloud Data Engineering,12,0.61
IND-DOR-20240707-001,Data Architect,Full-time,Dortmund,1,Core Analytics & Student Entry,5,0.61
SS-ESS-20240416-001,Senior Data Engineer,Full-time,Essen,2,Cloud Data Engineering,12,0.61
SS-DOR-20240703-001,Data Scientist,Full-time,Dortmund,2,Cloud Data Engineering,13,0.61
SS-DÜS-20240529-001,Data Scientist,Full-time,Düsseldorf,4,Enterprise BI & Reporting,6,0.61
LI-COL-20250216-001,Analytics Engineer,Full-time,Cologne,3,ML & Research,16,0.61
IND-LEI-20240919-001,ML Engineer,Full-time,Leipzig,3,ML & Research,7,0.61
IND-BER-20240830-001,Analytics Engineer,Full-time,Berlin,2,Cloud Data Engineering,12,0.61
SS-BER-20240901-001,Senior Data Engineer,Full-time,Berlin,2,Cloud Data Engineering,12,0.61
SS-MUN-20240513-001,Data Architect,Full-time,Munich,2,Cloud Data Engineering,16,0.61
LI-BER-20241105-001,Senior Data Analyst,Full-time,Berlin,2,Cloud Data Engineering,15,0.61
SS-COL-20250109-001,Werkstudent Machine Learning,Werkstudent,Cologne,1,Core Analytics & Student Entry,6,0.61
IND-FRA-20250220-001,Werkstudent Data Science,Werkstudent,Frankfurt,1,Core Analytics & Student Entry,8,0.61
LI-MUN-20240505-002,Data Engineer,Full-time,Munich,2,Cloud Data Engineering,12,0.61
IND-STU-20240609-001,BI Engineer,Full-time,Stuttgart,4,Enterprise BI & Reporting,9,0.61
LI-HAM-20240607-001,Freelance Data Engineer,Freelance/Contract,Hamburg,4,Enterprise BI & Reporting,9,0.61
SS-MUN-20250109-001,Werkstudent Data Engineering,Werkstudent,Munich,1,Core Analytics & Student Entry,7,0.61
LI-ESS-20250112-001,Werkstudent Data Science,Werkstudent,Essen,1,Core Analytics & Student Entry,6,0.61
SS-BER-20250208-001,Werkstudent BI,Werkstudent,Berlin,1,Core Analytics & Student Entry,7,0.61
SS-HAM-20241215-001,Data Scientist,Full-time,Hamburg,2,Cloud Data Engineering,13,0.61
SS-BER-20240719-001,Senior Data Engineer,Full-time,Berlin,3,ML & Research,16,0.61
IND-HAM-20241209-001,Analytics Engineer,Full-time,Hamburg,4,Enterprise BI & Reporting,9,0.61
IND-LEI-20240830-001,Praktikant Data Analyst,Praktikum,Leipzig,1,Core Analytics & Student Entry,8,0.61
LI-OTH-20241008-001,ML Engineer,Full-time,Other,1,Core Analytics & Student Entry,10,0.61
IND-HAM-20241231-001,Data Scientist,Full-time,Hamburg,2,Cloud Data Engineering,15,0.61
SS-OTH-20240727-001,Praktikant Data Science,Praktikum,Other,1,Core Analytics & Student Entry,8,0.61
SS-FRA-20241119-001,Data Scientist,Full-time,Frankfurt,4,Enterprise BI & Reporting,8,0.61
IND-BER-20241030-001,BI Engineer,Full-time,Berlin,2,Cloud Data Engineering,10,0.61
LI-NUR-20250228-001,Data Scientist,Full-time,Nuremberg,2,Cloud Data Engineering,12,0.61
IND-LEI-20240120-001,Werkstudent Data Science,Werkstudent,Leipzig,1,Core Analytics & Student Entry,7,0.61
LI-MUN-20250127-001,Business Intelligence Analyst,Full-time,Munich,2,Cloud Data Engineering,12,0.61
IND-STU-20250106-001,Werkstudent Data Engineering,Werkstudent,Stuttgart,1,Core Analytics & Student Entry,10,0.61
IND-COL-20241026-001,Senior Data Engineer,Full-time,Cologne,4,Enterprise BI & Reporting,4,0.61
SS-MUN-20250320-001,Praktikant Business Intelligence,Praktikum,Munich,1,Core Analytics & Student Entry,6,0.61
LI-HAM-20240604-001,Senior Data Engineer,Full-time,Hamburg,2,Cloud Data Engineering,12,0.61
IND-BER-20240506-001,BI Engineer,Full-time,Berlin,4,Enterprise BI & Reporting,9,0.61
IND-BER-20240603-001,Business Intelligence Analyst,Full-time,Berlin,2,Cloud Data Engineering,7,0.61
IND-STU-20250320-002,Data Architect,Full-time,Stuttgart,4,Enterprise BI & Reporting,4,0.61
IND-MUN-20241014-001,Praktikant Data Analyst,Praktikum,Munich,1,Core Analytics & Student Entry,7,0.61
IND-BER-20240131-001,Werkstudent Machine Learning,Werkstudent,Berlin,1,Core Analytics & Student Entry,6,0.61
SS-BER-20240224-001,Werkstudent Machine Learning,Werkstudent,Berlin,1,Core Analytics & Student Entry,9,0.61
IND-FRA-20240228-001,Werkstudent Data Engineering,Werkstudent,Frankfurt,1,Core Analytics & Student Entry,9,0.61
LI-DOR-20241123-001,Data Scientist,Full-time,Dortmund,1,Core Analytics & Student Entry,6,0.61
LI-MUN-20240930-001,Data Architect,Full-time,Munich,2,Cloud Data Engineering,13,0.61
LI-MUN-20240814-001,Analytics Engineer,Full-time,Munich,1,Core Analytics & Student Entry,5,0.61
LI-OTH-20240122-001,Praktikant Data Analyst,Praktikum,Other,1,Core Analytics & Student Entry,11,0.61
SS-OTH-20241122-001,Praktikant Data Analyst,Praktikum,Other,1,Core Analytics & Student Entry,8,0.61
LI-BER-20240823-001,Freelance Data Engineer,Freelance/Contract,Berlin,1,Core Analytics & Student Entry,9,0.61
SS-FRA-20240301-001,Werkstudent Data Analytics,Werkstudent,Frankfurt,1,Core Analytics & Student Entry,6,0.61
LI-MUN-20240812-001,Analytics Engineer,Full-time,Munich,3,ML & Research,14,0.61
SS-FRA-20240521-002,Data Scientist,Full-time,Frankfurt,1,Core Analytics & Student Entry,3,0.61
IND-HAM-20240720-001,Data Architect,Full-time,Hamburg,1,Core Analytics & Student Entry,4,0.61
SS-BER-20240311-001,BI Engineer,Full-time,Berlin,1,Core Analytics & Student Entry,9,0.61
SS-NUR-20240520-001,Business Intelligence Analyst,Full-time,Nuremberg,3,ML & Research,8,0.61
IND-FRA-20240514-001,Data Architect,Full-time,Frankfurt,3,ML & Research,12,0.61
IND-HAM-20250105-001,Data Architect,Full-time,Hamburg,3,ML & Research,10,0.61
LI-NUR-20250119-001,Werkstudent Data Science,Werkstudent,Nuremberg,3,ML & Research,13,0.61
SS-FRA-20241101-001,Analytics Engineer,Full-time,Frankfurt,2,Cloud Data Engineering,9,0.61
SS-HAM-20250319-002,Werkstudent Data Analytics,Werkstudent,Hamburg,1,Core Analytics & Student Entry,8,0.61
IND-ESS-20240301-001,Analytics Engineer,Full-time,Essen,3,ML & Research,18,0.61
SS-HAM-20240317-001,Werkstudent Data Science,Werkstudent,Hamburg,1,Core Analytics & Student Entry,7,0.61
SS-ESS-20250327-001,Senior Data Analyst,Full-time,Essen,4,Enterprise BI & Reporting,13,0.61
SS-COL-20241214-001,BI Engineer,Full-time,Cologne,4,Enterprise BI & Reporting,6,0.61
IND-BER-20241202-002,Data Scientist,Full-time,Berlin,2,Cloud Data Engineering,13,0.61
SS-MUN-20241010-001,Data Architect,Full-time,Munich,3,ML & Research,11,0.61
IND-COL-20240223-001,Data Engineer,Full-time,Cologne,1,Core Analytics & Student Entry,7,0.61
SS-HAM-20250330-001,Analytics Engineer,Full-time,Hamburg,4,Enterprise BI & Reporting,9,0.61
SS-ESS-20250323-001,Werkstudent Data Analytics,Werkstudent,Essen,1,Core Analytics & Student Entry,5,0.61
IND-MUN-20240816-001,Data Scientist,Full-time,Munich,3,ML & Research,9,0.61
LI-FRA-20240904-001,Werkstudent Data Analytics,Werkstudent,Frankfurt,2,Cloud Data Engineering,16,0.61
LI-STU-20250312-001,Analytics Engineer,Full-time,Stuttgart,3,ML & Research,13,0.61
IND-STU-20241029-001,Data Analyst,Full-time,Stuttgart,4,Enterprise BI & Reporting,7,0.61
SS-OTH-20250127-001,BI Engineer,Full-time,Other,3,ML & Research,9,0.61
IND-HAM-20241206-001,Freelance BI Consultant,Freelance/Contract,Hamburg,2,Cloud Data Engineering,14,0.61
IND-HAM-20240123-001,Contract Data Analyst,Freelance/Contract,Hamburg,1,Core Analytics & Student Entry,7,0.61
LI-BER-20250227-001,BI Engineer,Full-time,Berlin,2,Cloud Data Engineering,10,0.61
SS-HAM-20241121-001,BI Engineer,Full-time,Hamburg,1,Core Analytics & Student Entry,10,0.61
LI-HAM-20240621-001,Praktikant Business Intelligence,Praktikum,Hamburg,1,Core Analytics & Student Entry,5,0.61
SS-DOR-20250319-001,Data Engineer,Full-time,Dortmund,3,ML & Research,13,0.61
IND-ESS-20250327-001,Werkstudent BI,Werkstudent,Essen,1,Core Analytics & Student Entry,8,0.61
IND-FRA-20241026-002,BI Engineer,Full-time,Frankfurt,2,Cloud Data Engineering,13,0.61
SS-MUN-20241231-001,Werkstudent Data Analytics,Werkstudent,Munich,1,Core Analytics & Student Entry,7,0.61
LI-MUN-20241014-001,Data Analyst,Full-time,Munich,4,Enterprise BI & Reporting,8,0.61
SS-BER-20240617-001,Praktikant Data Science,Praktikum,Berlin,1,Core Analytics & Student Entry,10,0.61
IND-BER-20241002-001,Praktikant Business Intelligence,Praktikum,Berlin,1,Core Analytics & Student Entry,7,0.61
SS-STU-20241113-001,Data Analyst,Full-time,Stuttgart,3,ML & Research,12,0.61
IND-FRA-20240818-001,Praktikant Data Analyst,Praktikum,Frankfurt,2,Cloud Data Engineering,11,0.61
SS-BER-20250222-003,Data Scientist,Full-time,Berlin,2,Cloud Data Engineering,17,0.61
SS-HAM-20250319-001,Praktikant Data Analyst,Praktikum,Hamburg,1,Core Analytics & Student Entry,6,0.61
SS-STU-20240915-001,Business Intelligence Analyst,Full-time,Stuttgart,2,Cloud Data Engineering,11,0.61
LI-OTH-20240209-001,Werkstudent BI,Werkstudent,Other,1,Core Analytics & Student Entry,6,0.61
LI-LEI-20250219-001,Business Intelligence Analyst,Full-time,Leipzig,3,ML & Research,11,0.61
IND-MUN-20240303-001,Praktikant Data Analyst,Praktikum,Munich,1,Core Analytics & Student Entry,11,0.61
SS-BER-20240224-003,Praktikant Business Intelligence,Praktikum,Berlin,1,Core Analytics & Student Entry,9,0.61
LI-BER-20250105-001,Werkstudent BI,Werkstudent,Berlin,1,Core Analytics & Student Entry,11,0.61
LI-HAM-20250313-001,Data Scientist,Full-time,Hamburg,1,Core Analytics & Student Entry,7,0.61
LI-NUR-20250310-001,Praktikant Data Science,Praktikum,Nuremberg,1,Core Analytics & Student Entry,8,0.61
SS-MUN-20240314-001,Analytics Engineer,Full-time,Munich,1,Core Analytics & Student Entry,8,0.61
SS-HAM-20250223-001,Praktikant Data Science,Praktikum,Hamburg,1,Core Analytics & Student Entry,10,0.61
LI-DÜS-20240323-001,Senior Data Analyst,Full-time,Düsseldorf,2,Cloud Data Engineering,12,0.61
LI-BER-20240111-001,Praktikant Business Intelligence,Praktikum,Berlin,1,Core Analytics & Student Entry,10,0.61
IND-BER-20250120-001,Analytics Engineer,Full-time,Berlin,1,Core Analytics & Student Entry,4,0.61
IND-HAM-20240913-001,Business Intelligence Analyst,Full-time,Hamburg,3,ML & Research,8,0.61
IND-BER-20241202-001,Werkstudent Data Analytics,Werkstudent,Berlin,1,Core Analytics & Student Entry,7,0.61
IND-STU-20240606-002,Data Engineer,Full-time,Stuttgart,4,Enterprise BI & Reporting,9,0.61
LI-BER-20250206-001,Senior Data Engineer,Full-time,Berlin,2,Cloud Data Engineering,11,0.61
IND-MUN-20250329-001,Praktikant Data Analyst,Praktikum,Munich,1,Core Analytics & Student Entry,4,0.61
LI-MUN-20240315-001,ML Engineer,Full-time,Munich,2,Cloud Data Engineering,13,0.61
SS-MUN-20240321-001,ML Engineer,Full-time,Munich,4,Enterprise BI & Reporting,11,0.61
SS-COL-20240303-001,ML Engineer,Full-time,Cologne,2,Cloud Data Engineering,10,0.61
SS-HAM-20240916-001,Data Analyst,Full-time,Hamburg,2,Cloud Data Engineering,15,0.61
IND-BER-20240127-001,Werkstudent Data Science,Werkstudent,Berlin,1,Core Analytics & Student Entry,9,0.61
SS-COL-20240512-001,Praktikant Analytics,Praktikum,Cologne,4,Enterprise BI & Reporting,9,0.61
LI-DOR-20240914-001,Freelance BI Consultant,Freelance/Contract,Dortmund,1,Core Analytics & Student Entry,4,0.61
SS-ESS-20240811-001,Praktikant Analytics,Praktikum,Essen,1,Core Analytics & Student Entry,6,0.61
IND-BER-20240308-001,Senior Data Engineer,Full-time,Berlin,2,Cloud Data Engineering,12,0.61
SS-HAM-20240519-001,Analytics Engineer,Full-time,Hamburg,3,ML & Research,7,0.61
IND-BER-20240808-001,Werkstudent Data Analytics,Werkstudent,Berlin,4,Enterprise BI & Reporting,8,0.61
IND-FRA-20241204-001,Werkstudent Data Engineering,Werkstudent,Frankfurt,1,Core Analytics & Student Entry,4,0.61
SS-BER-20240114-002,Data Engineer,Full-time,Berlin,3,ML & Research,13,0.61
IND-HAM-20240711-001,Werkstudent BI,Werkstudent,Hamburg,1,Core Analytics & Student Entry,7,0.61
IND-STU-20250228-001,Werkstudent Data Analytics,Werkstudent,Stuttgart,1,Core Analytics & Student Entry,5,0.61
IND-DOR-20240525-001,Senior Data Engineer,Full-time,Dortmund,3,ML & Research,12,0.61
SS-OTH-20240513-001,Data Scientist,Full-time,Other,2,Cloud Data Engineering,14,0.61
IND-OTH-20240210-002,BI Engineer,Full-time,Other,3,ML & Research,13,0.61
IND-MUN-20250306-001,Praktikant Business Intelligence,Praktikum,Munich,1,Core Analytics & Student Entry,10,0.61
SS-OTH-20250322-001,Werkstudent Data Science,Werkstudent,Other,1,Core Analytics & Student Entry,9,0.61
SS-BER-20240809-003,Senior Data Analyst,Full-time,Berlin,2,Cloud Data Engineering,8,0.61
LI-BER-20250209-001,Senior Data Engineer,Full-time,Berlin,1,Core Analytics & Student Entry,8,0.61
IND-OTH-20240215-001,Werkstudent Machine Learning,Werkstudent,Other,1,Core Analytics & Student Entry,8,0.61
IND-COL-20241017-001,Analytics Engineer,Full-time,Cologne,2,Cloud Data Engineering,14,0.61
SS-MUN-20240224-001,Praktikant Business Intelligence,Praktikum,Munich,1,Core Analytics & Student Entry,5,0.61
IND-DOR-20240713-001,Contract Data Analyst,Freelance/Contract,Dortmund,4,Enterprise BI & Reporting,5,0.61
IND-FRA-20250222-001,Data Architect,Full-time,Frankfurt,1,Core Analytics & Student Entry,5,0.61
IND-HAM-20241030-001,ML Engineer,Full-time,Hamburg,2,Cloud Data Engineering,13,0.61
LI-BER-20240610-001,Praktikant Data Science,Praktikum,Berlin,1,Core Analytics & Student Entry,8,0.61
SS-BER-20240627-001,Data Engineer,Full-time,Berlin,1,Core Analytics & Student Entry,9,0.61
LI-MUN-20250309-001,Praktikant Business Intelligence,Praktikum,Munich,1,Core Analytics & Student Entry,8,0.61
SS-COL-20240403-001,Data Engineer,Full-time,Cologne,1,Core Analytics & Student Entry,10,0.61
IND-BER-20240518-001,Werkstudent Data Science,Werkstudent,Berlin,1,Core Analytics & Student Entry,6,0.61
IND-MUN-20240422-001,Werkstudent BI,Werkstudent,Munich,1,Core Analytics & Student Entry,7,0.61
LI-BER-20250209-002,Senior Data Analyst,Full-time,Berlin,4,Enterprise BI & Reporting,6,0.61
SS-HAM-20240222-001,Senior Data Analyst,Full-time,Hamburg,3,ML & Research,9,0.61
IND-HAM-20240627-001,Data Engineer,Full-time,Hamburg,2,Cloud Data Engineering,15,0.61
IND-LEI-20240228-001,Senior Data Analyst,Full-time,Leipzig,4,Enterprise BI & Reporting,9,0.61
SS-NUR-20240318-001,Freelance BI Consultant,Freelance/Contract,Nuremberg,4,Enterprise BI & Reporting,7,0.61
LI-ESS-20241219-001,Praktikant Analytics,Praktikum,Essen,2,Cloud Data Engineering,14,0.61
SS-BER-20250203-001,BI Engineer,Full-time,Berlin,3,ML & Research,11,0.61
SS-FRA-20241115-001,Analytics Engineer,Full-time,Frankfurt,2,Cloud Data Engineering,12,0.61
IND-HAM-20240628-001,Werkstudent Machine Learning,Werkstudent,Hamburg,1,Core Analytics & Student Entry,9,0.61
LI-DOR-20240301-001,Data Analyst,Full-time,Dortmund,4,Enterprise BI & Reporting,6,0.61
IND-DOR-20240926-001,ML Engineer,Full-time,Dortmund,2,Cloud Data Engineering,13,0.61
LI-COL-20241121-001,Werkstudent Machine Learning,Werkstudent,Cologne,1,Core Analytics & Student Entry,5,0.61
LI-HAM-20250129-001,Data Architect,Full-time,Hamburg,2,Cloud Data Engineering,12,0.61
SS-BER-20241108-001,Praktikant Analytics,Praktikum,Berlin,1,Core Analytics & Student Entry,9,0.61
LI-MUN-20250326-001,Contract Data Analyst,Freelance/Contract,Munich,1,Core Analytics & Student Entry,5,0.61
SS-MUN-20240811-002,Analytics Engineer,Full-time,Munich,4,Enterprise BI & Reporting,11,0.61
SS-MUN-20240313-001,Senior Data Analyst,Full-time,Munich,1,Core Analytics & Student Entry,7,0.61
LI-BER-20250213-001,Data Analyst,Full-time,Berlin,3,ML & Research,16,0.61
IND-BER-20241109-001,Senior Data Analyst,Full-time,Berlin,3,ML & Research,12,0.61
SS-COL-20250326-001,Data Scientist,Full-time,Cologne,2,Cloud Data Engineering,14,0.61
SS-MUN-20240802-001,Praktikant Business Intelligence,Praktikum,Munich,1,Core Analytics & Student Entry,7,0.61
SS-MUN-20241212-001,BI Engineer,Full-time,Munich,2,Cloud Data Engineering,17,0.61
IND-MUN-20240504-001,Senior Data Analyst,Full-time,Munich,2,Cloud Data Engineering,12,0.61
LI-MUN-20240130-002,Data Engineer,Full-time,Munich,3,ML & Research,13,0.61
LI-MUN-20250304-001,Contract ML Engineer,Freelance/Contract,Munich,1,Core Analytics & Student Entry,7,0.61
LI-BER-20241024-002,Praktikant Data Analyst,Praktikum,Berlin,1,Core Analytics & Student Entry,5,0.61
SS-OTH-20250218-001,Senior Data Engineer,Full-time,Other,3,ML & Research,12,0.61
LI-HAM-20240225-001,BI Engineer,Full-time,Hamburg,1,Core Analytics & Student Entry,5,0.61
LI-MUN-20250113-001,Praktikant Data Science,Praktikum,Munich,1,Core Analytics & Student Entry,6,0.61
IND-DÜS-20240602-001,BI Engineer,Full-time,Düsseldorf,3,ML & Research,8,0.61
IND-ESS-20240925-001,Werkstudent Data Science,Werkstudent,Essen,1,Core Analytics & Student Entry,7,0.61
SS-BER-20240525-001,Werkstudent Data Engineering,Werkstudent,Berlin,1,Core Analytics & Student Entry,10,0.61
SS-HAM-20240114-001,Data Analyst,Full-time,Hamburg,1,Core Analytics & Student Entry,8,0.61
IND-FRA-20240326-001,Data Architect,Full-time,Frankfurt,3,ML & Research,14,0.61
SS-HAM-20241204-001,Data Engineer,Full-time,Hamburg,1,Core Analytics & Student Entry,7,0.61
LI-MUN-20240109-001,Werkstudent BI,Werkstudent,Munich,1,Core Analytics & Student Entry,10,0.61
LI-ESS-20241230-002,Data Analyst,Full-time,Essen,3,ML & Research,10,0.61
IND-OTH-20240818-001,ML Engineer,Full-time,Other,3,ML & Research,14,0.61
IND-FRA-20240923-001,Data Engineer,Full-time,Frankfurt,1,Core Analytics & Student Entry,6,0.61
IND-MUN-20240602-001,Werkstudent Data Engineering,Werkstudent,Munich,1,Core Analytics & Student Entry,5,0.61
IND-HAM-20240719-001,Werkstudent Data Analytics,Werkstudent,Hamburg,1,Core Analytics & Student Entry,8,0.61
SS-BER-20240103-002,Senior Data Analyst,Full-time,Berlin,2,Cloud Data Engineering,10,0.61
SS-BER-20240628-001,Senior Data Engineer,Full-time,Berlin,2,Cloud Data Engineering,13,0.61
LI-MUN-20240308-002,Praktikant Data Analyst,Praktikum,Munich,2,Cloud Data Engineering,14,0.61
IND-COL-20240417-001,Senior Data Analyst,Full-time,Cologne,2,Cloud Data Engineering,13,0.61
LI-COL-20241204-001,BI Engineer,Full-time,Cologne,1,Core Analytics & Student Entry,9,0.61
IND-OTH-20240525-001,Werkstudent Data Analytics,Werkstudent,Other,1,Core Analytics & Student Entry,7,0.61
IND-MUN-20240206-001,Werkstudent BI,Werkstudent,Munich,2,Cloud Data Engineering,9,0.61
LI-ESS-20250203-001,Senior Data Engineer,Full-time,Essen,2,Cloud Data Engineering,10,0.61
IND-OTH-20240819-001,Data Architect,Full-time,Other,4,Enterprise BI & Reporting,9,0.61
LI-MUN-20240806-001,Data Architect,Full-time,Munich,2,Cloud Data Engineering,12,0.61
SS-BER-20250125-001,Analytics Engineer,Full-time,Berlin,1,Core Analytics & Student Entry,8,0.61
IND-DÜS-20241227-001,Data Scientist,Full-time,Düsseldorf,2,Cloud Data Engineering,11,0.61
SS-OTH-20240916-001,Data Analyst,Full-time,Other,3,ML & Research,14,0.61
IND-FRA-20241026-001,Senior Data Engineer,Full-time,Frankfurt,1,Core Analytics & Student Entry,8,0.61
SS-DOR-20240417-001,Senior Data Engineer,Full-time,Dortmund,4,Enterprise BI & Reporting,11,0.61
IND-BER-20250311-002,Analytics Engineer,Full-time,Berlin,4,Enterprise BI & Reporting,7,0.61
IND-ESS-20250131-002,Werkstudent Data Engineering,Werkstudent,Essen,3,ML & Research,12,0.61
LI-MUN-20250207-001,Praktikant Business Intelligence,Praktikum,Munich,1,Core Analytics & Student Entry,9,0.61
IND-BER-20240331-001,Werkstudent Data Analytics,Werkstudent,Berlin,1,Core Analytics & Student Entry,5,0.61
IND-OTH-20240918-001,Werkstudent Data Engineering,Werkstudent,Other,2,Cloud Data Engineering,15,0.61
IND-DOR-20241006-001,BI Engineer,Full-time,Dortmund,3,ML & Research,10,0.61
SS-BER-20240117-001,Senior Data Engineer,Full-time,Berlin,2,Cloud Data Engineering,10,0.61
SS-STU-20241230-001,Praktikant Analytics,Praktikum,Stuttgart,1,Core Analytics & Student Entry,9,0.61
SS-COL-20240814-001,Praktikant Business Intelligence,Praktikum,Cologne,1,Core Analytics & Student Entry,8,0.61
LI-BER-20240606-001,Data Analyst,Full-time,Berlin,1,Core Analytics & Student Entry,4,0.61
LI-ESS-20240216-001,Senior Data Engineer,Full-time,Essen,2,Cloud Data Engineering,14,0.61
LI-HAM-20250309-001,BI Engineer,Full-time,Hamburg,2,Cloud Data Engineering,13,0.61
LI-FRA-20241204-001,BI Engineer,Full-time,Frankfurt,1,Core Analytics & Student Entry,6,0.61
IND-HAM-20241122-001,Praktikant Business Intelligence,Praktikum,Hamburg,1,Core Analytics & Student Entry,7,0.61
LI-COL-20240220-001,Analytics Engineer,Full-time,Cologne,2,Cloud Data Engineering,13,0.61
LI-MUN-20240314-001,Contract ML Engineer,Freelance/Contract,Munich,4,Enterprise BI & Reporting,5,0.61
SS-MUN-20240615-001,Data Engineer,Full-time,Munich,1,Core Analytics & Student Entry,5,0.61
LI-DOR-20240728-001,Werkstudent Data Engineering,Werkstudent,Dortmund,1,Core Analytics & Student Entry,8,0.61
SS-MUN-20250320-002,Data Analyst,Full-time,Munich,4,Enterprise BI & Reporting,8,0.61
LI-NUR-20241223-001,Data Analyst,Full-time,Nuremberg,2,Cloud Data Engineering,15,0.61
SS-MUN-20240314-002,Werkstudent Data Science,Werkstudent,Munich,1,Core Analytics & Student Entry,7,0.61
LI-BER-20241107-001,Senior Data Engineer,Full-time,Berlin,3,ML & Research,12,0.61
SS-BER-20240205-001,Senior Data Analyst,Full-time,Berlin,2,Cloud Data Engineering,7,0.61
SS-DÜS-20241103-001,Werkstudent Machine Learning,Werkstudent,Düsseldorf,1,Core Analytics & Student Entry,7,0.61
IND-MUN-20240823-001,Werkstudent Data Engineering,Werkstudent,Munich,2,Cloud Data Engineering,14,0.61
SS-OTH-20250206-001,Data Architect,Full-time,Other,2,Cloud Data Engineering,12,0.61
SS-HAM-20240715-001,Senior Data Analyst,Full-time,Hamburg,4,Enterprise BI & Reporting,9,0.61
IND-BER-20240626-001,Data Analyst,Full-time,Berlin,1,Core Analytics & Student Entry,12,0.61
LI-MUN-20240327-001,BI Engineer,Full-time,Munich,2,Cloud Data Engineering,14,0.61
SS-FRA-20240617-001,Analytics Engineer,Full-time,Frankfurt,3,ML & Research,10,0.61
SS-MUN-20240403-001,Praktikant Data Analyst,Praktikum,Munich,4,Enterprise BI & Reporting,5,0.61
SS-BER-20240529-001,BI Engineer,Full-time,Berlin,3,ML & Research,9,0.61
SS-HAM-20240721-001,Analytics Engineer,Full-time,Hamburg,2,Cloud Data Engineering,12,0.61
LI-BER-20250222-001,Werkstudent Data Engineering,Werkstudent,Berlin,1,Core Analytics & Student Entry,8,0.61
IND-OTH-20241020-001,Praktikant Data Science,Praktikum,Other,1,Core Analytics & Student Entry,9,0.61
LI-BER-20250225-001,Praktikant Data Analyst,Praktikum,Berlin,1,Core Analytics & Student Entry,8,0.61
LI-FRA-20240423-001,ML Engineer,Full-time,Frankfurt,3,ML & Research,11,0.61
IND-MUN-20240604-001,Analytics Engineer,Full-time,Munich,3,ML & Research,13,0.61
SS-OTH-20240129-001,ML Engineer,Full-time,Other,2,Cloud Data Engineering,12,0.61
IND-OTH-20250119-001,Werkstudent BI,Werkstudent,Other,1,Core Analytics & Student Entry,6,0.61
IND-OTH-20240711-001,Werkstudent Data Analytics,Werkstudent,Other,3,ML & Research,13,0.61
SS-OTH-20241004-001,Senior Data Engineer,Full-time,Other,2,Cloud Data Engineering,9,0.61
SS-HAM-20250326-001,Praktikant Analytics,Praktikum,Hamburg,1,Core Analytics & Student Entry,7,0.61
LI-NUR-20240614-001,Data Scientist,Full-time,Nuremberg,4,Enterprise BI & Reporting,7,0.61
LI-STU-20240822-001,Data Analyst,Full-time,Stuttgart,3,ML & Research,9,0.61
SS-BER-20240326-001,Senior Data Engineer,Full-time,Berlin,4,Enterprise BI & Reporting,7,0.61
LI-FRA-20240128-001,Senior Data Engineer,Full-time,Frankfurt,2,Cloud Data Engineering,15,0.61
IND-HAM-20240401-002,Praktikant Business Intelligence,Praktikum,Hamburg,4,Enterprise BI & Reporting,7,0.61
LI-MUN-20240807-001,Werkstudent Data Engineering,Werkstudent,Munich,3,ML & Research,13,0.61
LI-BER-20250104-001,Data Architect,Full-time,Berlin,4,Enterprise BI & Reporting,9,0.61
IND-DOR-20250316-001,Data Engineer,Full-time,Dortmund,2,Cloud Data Engineering,11,0.61
LI-FRA-20250103-001,BI Engineer,Full-time,Frankfurt,2,Cloud Data Engineering,11,0.61
LI-MUN-20240612-002,ML Engineer,Full-time,Munich,3,ML & Research,16,0.61
LI-HAM-20241117-001,Praktikant Data Analyst,Praktikum,Hamburg,1,Core Analytics & Student Entry,9,0.61
IND-ESS-20240402-001,Werkstudent Data Engineering,Werkstudent,Essen,1,Core Analytics & Student Entry,8,0.61
SS-FRA-20250103-002,Data Architect,Full-time,Frankfurt,3,ML & Research,11,0.61
LI-FRA-20240119-001,Business Intelligence Analyst,Full-time,Frankfurt,2,Cloud Data Engineering,12,0.61
LI-BER-20250319-001,Senior Data Analyst,Full-time,Berlin,2,Cloud Data Engineering,11,0.61
IND-BER-20240120-001,Praktikant Analytics,Praktikum,Berlin,1,Core Analytics & Student Entry,7,0.61
IND-MUN-20240207-001,Analytics Engineer,Full-time,Munich,3,ML & Research,14,0.61
SS-BER-20250304-001,Werkstudent Data Engineering,Werkstudent,Berlin,1,Core Analytics & Student Entry,8,0.61
SS-MUN-20240429-001,BI Engineer,Full-time,Munich,3,ML & Research,13,0.61
LI-BER-20240904-001,Praktikant Data Science,Praktikum,Berlin,1,Core Analytics & Student Entry,9,0.61
SS-BER-20240211-002,Senior Data Analyst,Full-time,Berlin,3,ML & Research,13,0.61
LI-DÜS-20240301-001,Senior Data Analyst,Full-time,Düsseldorf,4,Enterprise BI & Reporting,9,0.61
IND-HAM-20250204-001,Werkstudent Data Analytics,Werkstudent,Hamburg,1,Core Analytics & Student Entry,6,0.61
LI-HAM-20250224-001,Business Intelligence Analyst,Full-time,Hamburg,2,Cloud Data Engineering,9,0.61
IND-FRA-20241103-002,Werkstudent Data Science,Werkstudent,Frankfurt,1,Core Analytics & Student Entry,7,0.61
SS-BER-20241126-001,Werkstudent Data Engineering,Werkstudent,Berlin,1,Core Analytics & Student Entry,7,0.61
SS-NUR-20250124-001,Praktikant Business Intelligence,Praktikum,Nuremberg,1,Core Analytics & Student Entry,8,0.61
SS-MUN-20250219-002,Werkstudent BI,Werkstudent,Munich,1,Core Analytics & Student Entry,8,0.61
LI-COL-20240226-001,Praktikant Data Analyst,Praktikum,Cologne,1,Core Analytics & Student Entry,9,0.61
LI-BER-20240214-001,BI Engineer,Full-time,Berlin,2,Cloud Data Engineering,12,0.61
LI-BER-20250203-001,Werkstudent Machine Learning,Werkstudent,Berlin,1,Core Analytics & Student Entry,5,0.61
LI-MUN-20240713-001,Data Architect,Full-time,Munich,1,Core Analytics & Student Entry,6,0.61
IND-FRA-20250310-001,ML Engineer,Full-time,Frankfurt,2,Cloud Data Engineering,12,0.61
LI-OTH-20240121-001,Business Intelligence Analyst,Full-time,Other,2,Cloud Data Engineering,17,0.61
LI-FRA-20240417-001,Senior Data Engineer,Full-time,Frankfurt,3,ML & Research,13,0.61
IND-OTH-20240827-001,Data Architect,Full-time,Other,2,Cloud Data Engineering,13,0.61
SS-MUN-20250302-001,Werkstudent Data Science,Werkstudent,Munich,1,Core Analytics & Student Entry,6,0.61
LI-HAM-20240705-001,Data Architect,Full-time,Hamburg,3,ML & Research,13,0.61
IND-BER-20240322-002,Data Scientist,Full-time,Berlin,3,ML & Research,13,0.61
IND-BER-20240527-001,Praktikant Business Intelligence,Praktikum,Berlin,1,Core Analytics & Student Entry,6,0.61
LI-BER-20240216-001,Data Engineer,Full-time,Berlin,3,ML & Research,11,0.61
SS-DOR-20240721-001,Contract ML Engineer,Freelance/Contract,Dortmund,2,Cloud Data Engineering,12,0.61
SS-COL-20250306-001,Werkstudent Data Analytics,Werkstudent,Cologne,4,Enterprise BI & Reporting,7,0.61
SS-DOR-20240108-001,Werkstudent Machine Learning,Werkstudent,Dortmund,1,Core Analytics & Student Entry,4,0.61
SS-HAM-20240224-001,Contract ML Engineer,Freelance/Contract,Hamburg,4,Enterprise BI & Reporting,11,0.61
IND-MUN-20240221-001,Praktikant Data Analyst,Praktikum,Munich,1,Core Analytics & Student Entry,8,0.61
SS-FRA-20240418-001,Data Engineer,Full-time,Frankfurt,1,Core Analytics & Student Entry,9,0.61
IND-NUR-20240622-001,Freelance Data Engineer,Freelance/Contract,Nuremberg,1,Core Analytics & Student Entry,9,0.61
LI-FRA-20240518-001,Werkstudent BI,Werkstudent,Frankfurt,1,Core Analytics & Student Entry,6,0.61
LI-MUN-20240212-001,Data Analyst,Full-time,Munich,2,Cloud Data Engineering,14,0.61
SS-ESS-20240127-001,Contract Data Analyst,Freelance/Contract,Essen,3,ML & Research,11,0.61
IND-MUN-20250112-001,Praktikant Data Analyst,Praktikum,Munich,1,Core Analytics & Student Entry,5,0.61
IND-BER-20250315-001,Data Engineer,Full-time,Berlin,4,Enterprise BI & Reporting,7,0.61
IND-BER-20240322-001,Werkstudent Data Science,Werkstudent,Berlin,1,Core Analytics & Student Entry,7,0.61
LI-HAM-20240109-001,Werkstudent Data Science,Werkstudent,Hamburg,1,Core Analytics & Student Entry,5,0.61
SS-MUN-20240522-002,Contract ML Engineer,Freelance/Contract,Munich,4,Enterprise BI & Reporting,6,0.61
LI-HAM-20241115-001,Praktikant Business Intelligence,Praktikum,Hamburg,1,Core Analytics & Student Entry,7,0.61
SS-COL-20240903-001,Data Analyst,Full-time,Cologne,2,Cloud Data Engineering,10,0.61
SS-ESS-20241227-001,Werkstudent Data Engineering,Werkstudent,Essen,1,Core Analytics & Student Entry,8,0.61
IND-MUN-20240603-001,Werkstudent Data Analytics,Werkstudent,Munich,1,Core Analytics & Student Entry,7,0.61
SS-BER-20241016-001,Contract Data Analyst,Freelance/Contract,Berlin,1,Core Analytics & Student Entry,7,0.61
SS-OTH-20240424-001,Werkstudent BI,Werkstudent,Other,3,ML & Research,7,0.61
IND-NUR-20250105-002,ML Engineer,Full-time,Nuremberg,3,ML & Research,10,0.61
LI-ESS-20240219-001,Werkstudent Data Science,Werkstudent,Essen,1,Core Analytics & Student Entry,6,0.61
LI-MUN-20240628-001,Data Engineer,Full-time,Munich,1,Core Analytics & Student Entry,9,0.61
IND-BER-20241215-002,Praktikant Data Analyst,Praktikum,Berlin,1,Core Analytics & Student Entry,9,0.61
IND-FRA-20240714-001,Data Architect,Full-time,Frankfurt,2,Cloud Data Engineering,14,0.61
IND-DOR-20241013-001,Werkstudent Data Engineering,Werkstudent,Dortmund,1,Core Analytics & Student Entry,5,0.61
IND-ESS-20241222-001,Senior Data Analyst,Full-time,Essen,2,Cloud Data Engineering,13,0.61
SS-MUN-20240523-001,Freelance BI Consultant,Freelance/Contract,Munich,4,Enterprise BI & Reporting,9,0.61
LI-STU-20240617-001,Werkstudent Data Analytics,Werkstudent,Stuttgart,4,Enterprise BI & Reporting,7,0.61
SS-DÜS-20240929-001,Praktikant Analytics,Praktikum,Düsseldorf,1,Core Analytics & Student Entry,8,0.61
SS-MUN-20240128-001,Data Scientist,Full-time,Munich,2,Cloud Data Engineering,13,0.61
SS-HAM-20240504-001,Analytics Engineer,Full-time,Hamburg,2,Cloud Data Engineering,10,0.61
LI-BER-20250303-001,Data Scientist,Full-time,Berlin,4,Enterprise BI & Reporting,7,0.61
LI-BER-20241114-002,Praktikant Data Science,Praktikum,Berlin,1,Core Analytics & Student Entry,7,0.61
SS-DÜS-20240514-001,Contract Data Analyst,Freelance/Contract,Düsseldorf,2,Cloud Data Engineering,10,0.61
SS-BER-20241111-001,Senior Data Analyst,Full-time,Berlin,2,Cloud Data Engineering,12,0.61
IND-HAM-20241130-001,Werkstudent Machine Learning,Werkstudent,Hamburg,1,Core Analytics & Student Entry,8,0.61
SS-STU-20240930-001,Werkstudent Data Science,Werkstudent,Stuttgart,1,Core Analytics & Student Entry,5,0.61
SS-DOR-20241116-001,Werkstudent BI,Werkstudent,Dortmund,1,Core Analytics & Student Entry,5,0.61
SS-DOR-20240813-001,Senior Data Engineer,Full-time,Dortmund,3,ML & Research,9,0.61
IND-STU-20241215-001,Senior Data Analyst,Full-time,Stuttgart,2,Cloud Data Engineering,6,0.61
LI-BER-20240308-002,Data Architect,Full-time,Berlin,4,Enterprise BI & Reporting,7,0.61
SS-BER-20240531-003,Analytics Engineer,Full-time,Berlin,3,ML & Research,11,0.61
LI-MUN-20240113-001,Data Architect,Full-time,Munich,2,Cloud Data Engineering,12,0.61
IND-MUN-20240710-001,Data Architect,Full-time,Munich,1,Core Analytics & Student Entry,7,0.61
IND-DOR-20241027-001,Werkstudent Machine Learning,Werkstudent,Dortmund,1,Core Analytics & Student Entry,7,0.61
LI-COL-20240228-001,ML Engineer,Full-time,Cologne,3,ML & Research,14,0.61
SS-BER-20240401-002,Praktikant Analytics,Praktikum,Berlin,1,Core Analytics & Student Entry,9,0.61
IND-MUN-20240311-001,Business Intelligence Analyst,Full-time,Munich,3,ML & Research,12,0.61
IND-STU-20240410-001,ML Engineer,Full-time,Stuttgart,2,Cloud Data Engineering,11,0.61
IND-FRA-20241004-001,Werkstudent Machine Learning,Werkstudent,Frankfurt,2,Cloud Data Engineering,11,0.61
SS-FRA-20240315-001,Werkstudent Machine Learning,Werkstudent,Frankfurt,4,Enterprise BI & Reporting,9,0.61
IND-BER-20240309-001,Data Architect,Full-time,Berlin,1,Core Analytics & Student Entry,5,0.61
IND-MUN-20241226-001,Werkstudent Machine Learning,Werkstudent,Munich,4,Enterprise BI & Reporting,10,0.61
LI-BER-20250112-001,Data Analyst,Full-time,Berlin,2,Cloud Data Engineering,13,0.61
SS-HAM-20240404-001,Praktikant Data Science,Praktikum,Hamburg,1,Core Analytics & Student Entry,7,0.61
SS-FRA-20250314-001,Werkstudent BI,Werkstudent,Frankfurt,1,Core Analytics & Student Entry,6,0.61
SS-FRA-20240812-001,Business Intelligence Analyst,Full-time,Frankfurt,2,Cloud Data Engineering,12,0.61
IND-HAM-20240116-001,Praktikant Analytics,Praktikum,Hamburg,1,Core Analytics & Student Entry,9,0.61
LI-BER-20241101-001,Praktikant Analytics,Praktikum,Berlin,1,Core Analytics & Student Entry,8,0.61
IND-BER-20241111-002,BI Engineer,Full-time,Berlin,4,Enterprise BI & Reporting,7,0.61
LI-DOR-20241209-001,Werkstudent Machine Learning,Werkstudent,Dortmund,1,Core Analytics & Student Entry,8,0.61
SS-BER-20241017-003,BI Engineer,Full-time,Berlin,2,Cloud Data Engineering,9,0.61
IND-LEI-20241116-001,Analytics Engineer,Full-time,Leipzig,2,Cloud Data Engineering,15,0.61
SS-MUN-20250205-001,Werkstudent Data Engineering,Werkstudent,Munich,4,Enterprise BI & Reporting,8,0.61
SS-BER-20240423-002,ML Engineer,Full-time,Berlin,2,Cloud Data Engineering,14,0.61
SS-BER-20241217-003,Analytics Engineer,Full-time,Berlin,2,Cloud Data Engineering,10,0.61
LI-BER-20250208-002,BI Engineer,Full-time,Berlin,2,Cloud Data Engineering,12,0.61
IND-BER-20241219-001,Werkstudent BI,Werkstudent,Berlin,1,Core Analytics & Student Entry,9,0.61
SS-MUN-20240914-001,Business Intelligence Analyst,Full-time,Munich,2,Cloud Data Engineering,13,0.61
SS-HAM-20240725-001,Data Scientist,Full-time,Hamburg,2,Cloud Data Engineering,12,0.61
LI-DOR-20240710-001,Werkstudent Data Engineering,Werkstudent,Dortmund,1,Core Analytics & Student Entry,9,0.61
IND-BER-20240806-001,Praktikant Data Analyst,Praktikum,Berlin,1,Core Analytics & Student Entry,5,0.61
IND-HAM-20240619-002,Data Analyst,Full-time,Hamburg,2,Cloud Data Engineering,10,0.61
SS-DOR-20240913-001,ML Engineer,Full-time,Dortmund,3,ML & Research,11,0.61
IND-DOR-20240128-001,Data Analyst,Full-time,Dortmund,4,Enterprise BI & Reporting,6,0.61
SS-FRA-20250106-001,Data Scientist,Full-time,Frankfurt,2,Cloud Data Engineering,13,0.61
SS-BER-20240411-001,Data Architect,Full-time,Berlin,2,Cloud Data Engineering,12,0.61
LI-FRA-20240217-001,Werkstudent BI,Werkstudent,Frankfurt,1,Core Analytics & Student Entry,5,0.61
IND-BER-20250220-001,Data Analyst,Full-time,Berlin,2,Cloud Data Engineering,15,0.61
IND-BER-20250308-001,Praktikant Data Science,Praktikum,Berlin,1,Core Analytics & Student Entry,7,0.61
LI-DOR-20241002-001,Analytics Engineer,Full-time,Dortmund,1,Core Analytics & Student Entry,8,0.61
SS-BER-20250204-001,Analytics Engineer,Full-time,Berlin,2,Cloud Data Engineering,11,0.61
LI-NUR-20240217-001,Data Scientist,Full-time,Nuremberg,3,ML & Research,12,0.61
IND-COL-20240723-001,Data Analyst,Full-time,Cologne,1,Core Analytics & Student Entry,8,0.61
SS-HAM-20240210-001,Werkstudent Data Science,Werkstudent,Hamburg,3,ML & Research,10,0.61
SS-HAM-20241105-001,BI Engineer,Full-time,Hamburg,3,ML & Research,12,0.61
SS-MUN-20240202-001,Data Analyst,Full-time,Munich,1,Core Analytics & Student Entry,5,0.61
LI-DOR-20240414-001,Praktikant Business Intelligence,Praktikum,Dortmund,1,Core Analytics & Student Entry,8,0.61
SS-BER-20241209-001,Werkstudent Data Analytics,Werkstudent,Berlin,1,Core Analytics & Student Entry,8,0.61
SS-STU-20240911-001,ML Engineer,Full-time,Stuttgart,1,Core Analytics & Student Entry,7,0.61
SS-HAM-20240511-001,Data Engineer,Full-time,Hamburg,2,Cloud Data Engineering,8,0.61
SS-OTH-20240226-001,Analytics Engineer,Full-time,Other,1,Core Analytics & Student Entry,4,0.61
LI-BER-20250220-001,Analytics Engineer,Full-time,Berlin,2,Cloud Data Engineering,13,0.61
SS-STU-20240121-001,ML Engineer,Full-time,Stuttgart,2,Cloud Data Engineering,12,0.61
SS-BER-20240101-001,Praktikant Data Analyst,Praktikum,Berlin,1,Core Analytics & Student Entry,8,0.61
LI-DOR-20240614-001,Senior Data Engineer,Full-time,Dortmund,3,ML & Research,10,0.61
SS-BER-20250105-001,Senior Data Analyst,Full-time,Berlin,3,ML & Research,10,0.61
LI-COL-20240717-001,BI Engineer,Full-time,Cologne,1,Core Analytics & Student Entry,8,0.61
IND-ESS-20241231-001,Data Scientist,Full-time,Essen,1,Core Analytics & Student Entry,5,0.61
LI-BER-20240501-001,Werkstudent Data Engineering,Werkstudent,Berlin,2,Cloud Data Engineering,9,0.61
LI-BER-20240329-001,Praktikant Data Science,Praktikum,Berlin,4,Enterprise BI & Reporting,8,0.61
IND-MUN-20240908-001,Data Scientist,Full-time,Munich,4,Enterprise BI & Reporting,8,0.61
LI-HAM-20240908-001,BI Engineer,Full-time,Hamburg,3,ML & Research,10,0.61
LI-HAM-20240620-001,Business Intelligence Analyst,Full-time,Hamburg,3,ML & Research,13,0.61
LI-FRA-20250326-001,Data Engineer,Full-time,Frankfurt,2,Cloud Data Engineering,15,0.61
LI-MUN-20250213-001,Business Intelligence Analyst,Full-time,Munich,2,Cloud Data Engineering,12,0.61
IND-ESS-20250302-001,Freelance Data Engineer,Freelance/Contract,Essen,1,Core Analytics & Student Entry,6,0.61
IND-DOR-20241022-001,Werkstudent BI,Werkstudent,Dortmund,4,Enterprise BI & Reporting,8,0.61
SS-ESS-20240421-001,Praktikant Analytics,Praktikum,Essen,1,Core Analytics & Student Entry,7,0.61
IND-MUN-20240709-001,Data Engineer,Full-time,Munich,1,Core Analytics & Student Entry,8,0.61
SS-BER-20240810-002,ML Engineer,Full-time,Berlin,2,Cloud Data Engineering,12,0.61
IND-BER-20250122-001,ML Engineer,Full-time,Berlin,2,Cloud Data Engineering,10,0.61
SS-BER-20240513-001,Werkstudent Data Analytics,Werkstudent,Berlin,1,Core Analytics & Student Entry,4,0.61
IND-BER-20241116-001,Praktikant Data Science,Praktikum,Berlin,1,Core Analytics & Student Entry,9,0.61
LI-MUN-20240424-001,Praktikant Data Science,Praktikum,Munich,1,Core Analytics & Student Entry,5,0.61
LI-COL-20250208-001,Data Analyst,Full-time,Cologne,3,ML & Research,11,0.61
LI-STU-20240614-001,BI Engineer,Full-time,Stuttgart,2,Cloud Data Engineering,12,0.61
SS-ESS-20241124-001,Analytics Engineer,Full-time,Essen,4,Enterprise BI & Reporting,4,0.61
SS-HAM-20240229-003,ML Engineer,Full-time,Hamburg,4,Enterprise BI & Reporting,8,0.61
IND-MUN-20250327-001,Data Analyst,Full-time,Munich,2,Cloud Data Engineering,9,0.61
IND-ESS-20241108-001,Data Engineer,Full-time,Essen,2,Cloud Data Engineering,10,0.61
LI-DÜS-20240726-001,Data Architect,Full-time,Düsseldorf,3,ML & Research,9,0.61
SS-STU-20240930-002,Praktikant Analytics,Praktikum,Stuttgart,1,Core Analytics & Student Entry,6,0.61
LI-BER-20240903-001,Data Analyst,Full-time,Berlin,2,Cloud Data Engineering,12,0.61
SS-BER-20241121-001,Praktikant Data Science,Praktikum,Berlin,1,Core Analytics & Student Entry,9,0.61
LI-BER-20240516-001,Contract Data Analyst,Freelance/Contract,Berlin,2,Cloud Data Engineering,15,0.61
SS-DÜS-20250121-001,Contract ML Engineer,Freelance/Contract,Düsseldorf,1,Core Analytics & Student Entry,5,0.61
SS-BER-20241129-001,Data Engineer,Full-time,Berlin,1,Core Analytics & Student Entry,9,0.61
IND-ESS-20240916-001,Freelance Data Engineer,Freelance/Contract,Essen,1,Core Analytics & Student Entry,6,0.61
LI-MUN-20250119-002,BI Engineer,Full-time,Munich,2,Cloud Data Engineering,12,0.61
IND-HAM-20241123-001,Praktikant Business Intelligence,Praktikum,Hamburg,1,Core Analytics & Student Entry,11,0.61
SS-FRA-20240727-002,Praktikant Analytics,Praktikum,Frankfurt,1,Core Analytics & Student Entry,8,0.61
IND-BER-20240126-001,Senior Data Engineer,Full-time,Berlin,2,Cloud Data Engineering,12,0.61
IND-HAM-20240312-001,Praktikant Data Analyst,Praktikum,Hamburg,1,Core Analytics & Student Entry,7,0.61
IND-FRA-20250131-001,Senior Data Analyst,Full-time,Frankfurt,2,Cloud Data Engineering,15,0.61
IND-BER-20250311-001,Werkstudent Machine Learning,Werkstudent,Berlin,1,Core Analytics & Student Entry,7,0.61
IND-ESS-20240212-001,Praktikant Analytics,Praktikum,Essen,1,Core Analytics & Student Entry,7,0.61
LI-OTH-20240302-001,Data Scientist,Full-time,Other,2,Cloud Data Engineering,12,0.61
SS-MUN-20250108-001,Analytics Engineer,Full-time,Munich,2,Cloud Data Engineering,9,0.61
SS-ESS-20240303-001,ML Engineer,Full-time,Essen,1,Core Analytics & Student Entry,7,0.61
IND-BER-20240423-001,Werkstudent Data Engineering,Werkstudent,Berlin,1,Core Analytics & Student Entry,8,0.61
IND-DOR-20240528-001,Werkstudent BI,Werkstudent,Dortmund,1,Core Analytics & Student Entry,4,0.61
LI-MUN-20240123-002,Data Architect,Full-time,Munich,4,Enterprise BI & Reporting,8,0.61
IND-MUN-20240814-001,Data Engineer,Full-time,Munich,3,ML & Research,13,0.61
SS-OTH-20240510-002,BI Engineer,Full-time,Other,3,ML & Research,14,0.61
LI-MUN-20240307-002,Data Engineer,Full-time,Munich,4,Enterprise BI & Reporting,11,0.61
SS-ESS-20250303-001,ML Engineer,Full-time,Essen,2,Cloud Data Engineering,11,0.61
SS-BER-20250209-001,Freelance Data Engineer,Freelance/Contract,Berlin,4,Enterprise BI & Reporting,12,0.61
IND-HAM-20250110-001,Praktikant Analytics,Praktikum,Hamburg,1,Core Analytics & Student Entry,8,0.61
IND-HAM-20240128-001,Data Engineer,Full-time,Hamburg,2,Cloud Data Engineering,12,0.61
LI-MUN-20240317-001,Praktikant Data Analyst,Praktikum,Munich,1,Core Analytics & Student Entry,7,0.61
SS-FRA-20240930-001,Werkstudent BI,Werkstudent,Frankfurt,1,Core Analytics & Student Entry,6,0.61
LI-LEI-20250316-001,Werkstudent Data Science,Werkstudent,Leipzig,1,Core Analytics & Student Entry,6,0.61
IND-FRA-20250320-001,Senior Data Analyst,Full-time,Frankfurt,2,Cloud Data Engineering,8,0.61
SS-DOR-20250329-001,Werkstudent Data Analytics,Werkstudent,Dortmund,1,Core Analytics & Student Entry,7,0.61
LI-HAM-20241229-002,Senior Data Engineer,Full-time,Hamburg,3,ML & Research,13,0.61
IND-HAM-20240511-001,Senior Data Analyst,Full-time,Hamburg,2,Cloud Data Engineering,10,0.61
SS-MUN-20240401-001,ML Engineer,Full-time,Munich,2,Cloud Data Engineering,12,0.61
SS-DOR-20240325-001,Senior Data Engineer,Full-time,Dortmund,1,Core Analytics & Student Entry,6,0.61
SS-ESS-20240907-001,Praktikant Business Intelligence,Praktikum,Essen,1,Core Analytics & Student Entry,7,0.61
IND-MUN-20250118-001,Senior Data Engineer,Full-time,Munich,3,ML & Research,13,0.61
LI-DOR-20240704-001,BI Engineer,Full-time,Dortmund,2,Cloud Data Engineering,10,0.61
SS-FRA-20241103-001,BI Engineer,Full-time,Frankfurt,3,ML & Research,11,0.61
IND-MUN-20240719-001,Data Engineer,Full-time,Munich,2,Cloud Data Engineering,9,0.61
IND-HAM-20240203-001,Data Architect,Full-time,Hamburg,3,ML & Research,12,0.61
LI-COL-20240619-001,Senior Data Analyst,Full-time,Cologne,3,ML & Research,14,0.61
IND-MUN-20240623-002,Data Scientist,Full-time,Munich,4,Enterprise BI & Reporting,8,0.61
LI-BER-20240919-001,Data Analyst,Full-time,Berlin,2,Cloud Data Engineering,11,0.61
IND-STU-20240123-001,Senior Data Analyst,Full-time,Stuttgart,3,ML & Research,12,0.61
SS-BER-20241025-001,Data Analyst,Full-time,Berlin,3,ML & Research,13,0.61
SS-BER-20240809-002,Senior Data Engineer,Full-time,Berlin,2,Cloud Data Engineering,11,0.61
SS-BER-20240531-002,Data Analyst,Full-time,Berlin,2,Cloud Data Engineering,9,0.61
IND-MUN-20240324-001,Werkstudent Data Analytics,Werkstudent,Munich,3,ML & Research,12,0.61
SS-FRA-20240915-001,Data Architect,Full-time,Frankfurt,2,Cloud Data Engineering,13,0.61
IND-FRA-20241129-001,Data Analyst,Full-time,Frankfurt,3,ML & Research,15,0.61
SS-BER-20241113-001,BI Engineer,Full-time,Berlin,2,Cloud Data Engineering,10,0.61
IND-BER-20240216-001,Contract Data Analyst,Freelance/Contract,Berlin,1,Core Analytics & Student Entry,8,0.61
SS-OTH-20240211-002,Data Analyst,Full-time,Other,2,Cloud Data Engineering,11,0.61
IND-OTH-20241006-002,Contract Data Analyst,Freelance/Contract,Other,2,Cloud Data Engineering,14,0.61
IND-MUN-20240220-002,ML Engineer,Full-time,Munich,3,ML & Research,11,0.61
SS-DOR-20240916-001,Data Scientist,Full-time,Dortmund,2,Cloud Data Engineering,17,0.61
IND-FRA-20240419-001,Senior Data Engineer,Full-time,Frankfurt,2,Cloud Data Engineering,12,0.61
LI-ESS-20250214-001,Data Engineer,Full-time,Essen,2,Cloud Data Engineering,10,0.61
SS-MUN-20240820-001,Data Analyst,Full-time,Munich,2,Cloud Data Engineering,12,0.61
IND-BER-20240518-003,Senior Data Engineer,Full-time,Berlin,3,ML & Research,14,0.61
LI-BER-20240812-001,Contract ML Engineer,Freelance/Contract,Berlin,4,Enterprise BI & Reporting,8,0.61
SS-FRA-20250326-001,Data Analyst,Full-time,Frankfurt,1,Core Analytics & Student Entry,8,0.61
IND-HAM-20240523-002,Data Scientist,Full-time,Hamburg,4,Enterprise BI & Reporting,7,0.61
SS-BER-20241201-001,Praktikant Data Analyst,Praktikum,Berlin,1,Core Analytics & Student Entry,8,0.61
SS-MUN-20250128-002,Data Engineer,Full-time,Munich,3,ML & Research,9,0.61
SS-BER-20250324-001,Data Scientist,Full-time,Berlin,2,Cloud Data Engineering,9,0.61
IND-LEI-20240721-001,Werkstudent BI,Werkstudent,Leipzig,1,Core Analytics & Student Entry,8,0.61
SS-FRA-20240612-001,BI Engineer,Full-time,Frankfurt,3,ML & Research,14,0.61
SS-BER-20250305-003,Senior Data Engineer,Full-time,Berlin,4,Enterprise BI & Reporting,9,0.61
IND-FRA-20240720-001,Data Engineer,Full-time,Frankfurt,2,Cloud Data Engineering,10,0.61
IND-HAM-20250103-001,ML Engineer,Full-time,Hamburg,4,Enterprise BI & Reporting,10,0.61
IND-BER-20240415-001,Data Scientist,Full-time,Berlin,2,Cloud Data Engineering,11,0.61
SS-BER-20240623-001,Senior Data Analyst,Full-time,Berlin,3,ML & Research,12,0.61
SS-MUN-20241106-001,Werkstudent Data Engineering,Werkstudent,Munich,1,Core Analytics & Student Entry,7,0.61
LI-HAM-20240712-001,ML Engineer,Full-time,Hamburg,2,Cloud Data Engineering,14,0.61
IND-ESS-20250109-001,Praktikant Data Science,Praktikum,Essen,1,Core Analytics & Student Entry,5,0.61
LI-BER-20240613-001,Praktikant Data Analyst,Praktikum,Berlin,3,ML & Research,14,0.61
LI-HAM-20240529-001,Senior Data Analyst,Full-time,Hamburg,2,Cloud Data Engineering,11,0.61
IND-STU-20250123-001,Data Architect,Full-time,Stuttgart,2,Cloud Data Engineering,8,0.61
SS-BER-20240606-001,Analytics Engineer,Full-time,Berlin,4,Enterprise BI & Reporting,9,0.61
SS-HAM-20240917-001,Praktikant Analytics,Praktikum,Hamburg,1,Core Analytics & Student Entry,5,0.61
LI-OTH-20240511-001,Werkstudent Data Analytics,Werkstudent,Other,1,Core Analytics & Student Entry,12,0.61
SS-BER-20250220-001,Praktikant Data Science,Praktikum,Berlin,1,Core Analytics & Student Entry,9,0.61
IND-BER-20240324-002,BI Engineer,Full-time,Berlin,2,Cloud Data Engineering,11,0.61
LI-BER-20240906-001,Business Intelligence Analyst,Full-time,Berlin,2,Cloud Data Engineering,10,0.61
IND-FRA-20240626-001,Data Scientist,Full-time,Frankfurt,3,ML & Research,7,0.61
LI-MUN-20240612-001,Business Intelligence Analyst,Full-time,Munich,1,Core Analytics & Student Entry,8,0.61
SS-DOR-20240725-001,Werkstudent Data Engineering,Werkstudent,Dortmund,1,Core Analytics & Student Entry,4,0.61
SS-STU-20250131-001,Data Engineer,Full-time,Stuttgart,3,ML & Research,14,0.61
IND-HAM-20240812-002,Business Intelligence Analyst,Full-time,Hamburg,3,ML & Research,14,0.61
SS-COL-20250108-001,Werkstudent Data Engineering,Werkstudent,Cologne,1,Core Analytics & Student Entry,6,0.61
IND-OTH-20240724-001,Business Intelligence Analyst,Full-time,Other,2,Cloud Data Engineering,13,0.61
LI-COL-20240724-001,Praktikant Data Analyst,Praktikum,Cologne,1,Core Analytics & Student Entry,9,0.61
SS-FRA-20240922-001,Praktikant Data Science,Praktikum,Frankfurt,1,Core Analytics & Student Entry,9,0.61
SS-DOR-20240325-002,BI Engineer,Full-time,Dortmund,3,ML & Research,14,0.61
LI-BER-20240306-001,Freelance BI Consultant,Freelance/Contract,Berlin,4,Enterprise BI & Reporting,8,0.61
SS-NUR-20240620-001,Werkstudent Data Analytics,Werkstudent,Nuremberg,3,ML & Research,14,0.61
SS-BER-20240301-001,Senior Data Analyst,Full-time,Berlin,1,Core Analytics & Student Entry,6,0.61
LI-MUN-20241113-001,Werkstudent Data Analytics,Werkstudent,Munich,4,Enterprise BI & Reporting,10,0.61
SS-BER-20240319-001,Analytics Engineer,Full-time,Berlin,2,Cloud Data Engineering,15,0.61
LI-FRA-20240811-001,Praktikant Business Intelligence,Praktikum,Frankfurt,1,Core Analytics & Student Entry,5,0.61
LI-DOR-20240307-001,Senior Data Engineer,Full-time,Dortmund,3,ML & Research,13,0.61
IND-ESS-20250322-001,Data Engineer,Full-time,Essen,2,Cloud Data Engineering,13,0.61
SS-OTH-20240813-001,Werkstudent Data Engineering,Werkstudent,Other,1,Core Analytics & Student Entry,10,0.61
SS-MUN-20240328-001,Senior Data Engineer,Full-time,Munich,2,Cloud Data Engineering,13,0.61
IND-DOR-20240904-001,Praktikant Data Analyst,Praktikum,Dortmund,1,Core Analytics & Student Entry,8,0.61
IND-MUN-20241022-001,Contract ML Engineer,Freelance/Contract,Munich,1,Core Analytics & Student Entry,7,0.61
SS-BER-20240619-001,Praktikant Analytics,Praktikum,Berlin,1,Core Analytics & Student Entry,9,0.61
IND-DÜS-20241012-001,Freelance BI Consultant,Freelance/Contract,Düsseldorf,1,Core Analytics & Student Entry,6,0.61
LI-BER-20240121-001,Freelance BI Consultant,Freelance/Contract,Berlin,4,Enterprise BI & Reporting,9,0.61
IND-OTH-20241113-001,Praktikant Data Analyst,Praktikum,Other,1,Core Analytics & Student Entry,11,0.61
LI-BER-20241222-001,ML Engineer,Full-time,Berlin,1,Core Analytics & Student Entry,9,0.61
SS-OTH-20240518-001,Analytics Engineer,Full-time,Other,4,Enterprise BI & Reporting,7,0.61
IND-ESS-20250105-001,Werkstudent Data Analytics,Werkstudent,Essen,1,Core Analytics & Student Entry,9,0.61
LI-MUN-20241003-001,Werkstudent BI,Werkstudent,Munich,1,Core Analytics & Student Entry,8,0.61
SS-MUN-20240121-002,BI Engineer,Full-time,Munich,2,Cloud Data Engineering,15,0.61
IND-MUN-20241107-001,Data Architect,Full-time,Munich,2,Cloud Data Engineering,11,0.61
IND-ESS-20240601-001,Praktikant Business Intelligence,Praktikum,Essen,1,Core Analytics & Student Entry,7,0.61
LI-FRA-20240601-001,Werkstudent BI,Werkstudent,Frankfurt,3,ML & Research,6,0.61
LI-HAM-20250302-001,Data Architect,Full-time,Hamburg,2,Cloud Data Engineering,13,0.61
SS-MUN-20240121-001,Werkstudent Data Engineering,Werkstudent,Munich,1,Core Analytics & Student Entry,9,0.61
LI-BER-20250114-001,Data Architect,Full-time,Berlin,4,Enterprise BI & Reporting,9,0.61
LI-COL-20240728-001,Werkstudent Machine Learning,Werkstudent,Cologne,1,Core Analytics & Student Entry,8,0.61
LI-HAM-20240619-001,Werkstudent BI,Werkstudent,Hamburg,1,Core Analytics & Student Entry,8,0.61
LI-HAM-20240902-001,BI Engineer,Full-time,Hamburg,2,Cloud Data Engineering,11,0.61
IND-COL-20240806-001,Senior Data Engineer,Full-time,Cologne,1,Core Analytics & Student Entry,6,0.61
SS-FRA-20241127-001,Freelance BI Consultant,Freelance/Contract,Frankfurt,1,Core Analytics & Student Entry,5,0.61
SS-BER-20240814-001,Analytics Engineer,Full-time,Berlin,2,Cloud Data Engineering,13,0.61
LI-COL-20250109-001,Werkstudent Data Science,Werkstudent,Cologne,1,Core Analytics & Student Entry,8,0.61
LI-HAM-20241231-001,Analytics Engineer,Full-time,Hamburg,1,Core Analytics & Student Entry,8,0.61
SS-NUR-20250129-001,Praktikant Analytics,Praktikum,Nuremberg,2,Cloud Data Engineering,13,0.61
SS-BER-20250321-001,BI Engineer,Full-time,Berlin,3,ML & Research,12,0.61
LI-MUN-20240714-001,Data Scientist,Full-time,Munich,4,Enterprise BI & Reporting,7,0.61
IND-BER-20240309-002,Senior Data Engineer,Full-time,Berlin,3,ML & Research,15,0.61
SS-FRA-20250103-001,Business Intelligence Analyst,Full-time,Frankfurt,1,Core Analytics & Student Entry,7,0.61
LI-ESS-20241219-002,Business Intelligence Analyst,Full-time,Essen,2,Cloud Data Engineering,10,0.61
SS-FRA-20240524-001,Praktikant Business Intelligence,Praktikum,Frankfurt,1,Core Analytics & Student Entry,8,0.61
IND-MUN-20241006-001,Werkstudent Data Engineering,Werkstudent,Munich,3,ML & Research,13,0.61
IND-HAM-20240828-001,Data Analyst,Full-time,Hamburg,1,Core Analytics & Student Entry,8,0.61
SS-MUN-20240203-002,Praktikant Analytics,Praktikum,Munich,4,Enterprise BI & Reporting,9,0.61
IND-MUN-20250119-001,Data Analyst,Full-time,Munich,3,ML & Research,15,0.61
SS-ESS-20240803-001,Werkstudent Data Analytics,Werkstudent,Essen,4,Enterprise BI & Reporting,5,0.61
IND-BER-20240602-001,Werkstudent Data Science,Werkstudent,Berlin,1,Core Analytics & Student Entry,10,0.61
LI-FRA-20240312-001,Senior Data Analyst,Full-time,Frankfurt,2,Cloud Data Engineering,11,0.61
SS-FRA-20240420-001,Praktikant Business Intelligence,Praktikum,Frankfurt,1,Core Analytics & Student Entry,7,0.61
SS-DÜS-20241115-001,Praktikant Analytics,Praktikum,Düsseldorf,1,Core Analytics & Student Entry,7,0.61
SS-FRA-20241130-001,Data Scientist,Full-time,Frankfurt,1,Core Analytics & Student Entry,8,0.61
LI-BER-20240610-002,Praktikant Analytics,Praktikum,Berlin,1,Core Analytics & Student Entry,8,0.61
SS-ESS-20240716-001,Freelance Data Engineer,Freelance/Contract,Essen,4,Enterprise BI & Reporting,9,0.61
IND-DÜS-20240316-001,Analytics Engineer,Full-time,Düsseldorf,2,Cloud Data Engineering,10,0.61
IND-BER-20240306-002,Data Engineer,Full-time,Berlin,1,Core Analytics & Student Entry,3,0.61
SS-HAM-20241224-001,Praktikant Business Intelligence,Praktikum,Hamburg,1,Core Analytics & Student Entry,6,0.61
SS-BER-20240409-001,ML Engineer,Full-time,Berlin,2,Cloud Data Engineering,10,0.61
IND-FRA-20250224-001,Praktikant Analytics,Praktikum,Frankfurt,1,Core Analytics & Student Entry,6,0.61
LI-BER-20241109-001,Contract Data Analyst,Freelance/Contract,Berlin,1,Core Analytics & Student Entry,7,0.61
IND-BER-20240727-001,Praktikant Data Science,Praktikum,Berlin,4,Enterprise BI & Reporting,8,0.61
LI-BER-20240409-001,ML Engineer,Full-time,Berlin,3,ML & Research,11,0.61
IND-DOR-20250127-001,Werkstudent Machine Learning,Werkstudent,Dortmund,1,Core Analytics & Student Entry,5,0.61
LI-BER-20250322-001,Contract Data Analyst,Freelance/Contract,Berlin,2,Cloud Data Engineering,14,0.61
SS-BER-20241231-001,Senior Data Engineer,Full-time,Berlin,3,ML & Research,8,0.61
SS-MUN-20240324-002,Analytics Engineer,Full-time,Munich,4,Enterprise BI & Reporting,10,0.61
SS-BER-20240816-002,Senior Data Engineer,Full-time,Berlin,4,Enterprise BI & Reporting,9,0.61
IND-BER-20240525-001,Senior Data Analyst,Full-time,Berlin,3,ML & Research,10,0.61
LI-COL-20240601-001,Data Engineer,Full-time,Cologne,3,ML & Research,13,0.61
SS-BER-20241016-002,Contract Data Analyst,Freelance/Contract,Berlin,4,Enterprise BI & Reporting,7,0.61
SS-BER-20241217-001,Data Analyst,Full-time,Berlin,2,Cloud Data Engineering,11,0.61
LI-LEI-20250130-001,Data Analyst,Full-time,Leipzig,3,ML & Research,14,0.61
LI-BER-20240531-001,Data Analyst,Full-time,Berlin,2,Cloud Data Engineering,11,0.61
IND-HAM-20250226-002,Data Engineer,Full-time,Hamburg,1,Core Analytics & Student Entry,8,0.61
LI-FRA-20250118-001,Werkstudent Data Science,Werkstudent,Frankfurt,1,Core Analytics & Student Entry,8,0.61
IND-MUN-20240220-001,Analytics Engineer,Full-time,Munich,2,Cloud Data Engineering,11,0.61
LI-MUN-20240416-001,Data Scientist,Full-time,Munich,2,Cloud Data Engineering,12,0.61
SS-BER-20241001-002,Senior Data Engineer,Full-time,Berlin,3,ML & Research,15,0.61
SS-FRA-20240826-001,Contract ML Engineer,Freelance/Contract,Frankfurt,2,Cloud Data Engineering,14,0.61
LI-ESS-20240718-001,Senior Data Analyst,Full-time,Essen,2,Cloud Data Engineering,12,0.61
IND-MUN-20240119-001,Werkstudent Data Engineering,Werkstudent,Munich,3,ML & Research,16,0.61
SS-HAM-20241123-001,ML Engineer,Full-time,Hamburg,1,Core Analytics & Student Entry,7,0.61
LI-BER-20240824-001,Freelance BI Consultant,Freelance/Contract,Berlin,1,Core Analytics & Student Entry,6,0.61
SS-MUN-20240404-001,Senior Data Analyst,Full-time,Munich,3,ML & Research,11,0.61
LI-DOR-20240228-001,Werkstudent BI,Werkstudent,Dortmund,3,ML & Research,10,0.61
LI-DOR-20240109-001,Werkstudent Data Analytics,Werkstudent,Dortmund,1,Core Analytics & Student Entry,7,0.61
LI-BER-20240430-001,Business Intelligence Analyst,Full-time,Berlin,4,Enterprise BI & Reporting,6,0.61
SS-MUN-20250113-001,ML Engineer,Full-time,Munich,2,Cloud Data Engineering,11,0.61
IND-FRA-20241019-001,Senior Data Engineer,Full-time,Frankfurt,2,Cloud Data Engineering,9,0.61
SS-MUN-20240402-001,Data Analyst,Full-time,Munich,4,Enterprise BI & Reporting,8,0.61
IND-FRA-20241103-001,Werkstudent Machine Learning,Werkstudent,Frankfurt,1,Core Analytics & Student Entry,6,0.61
SS-HAM-20250323-001,Werkstudent Data Analytics,Werkstudent,Hamburg,1,Core Analytics & Student Entry,6,0.61
IND-BER-20240126-004,Data Engineer,Full-time,Berlin,3,ML & Research,10,0.61
IND-FRA-20240707-001,Data Engineer,Full-time,Frankfurt,1,Core Analytics & Student Entry,11,0.61
SS-BER-20240320-001,Praktikant Data Analyst,Praktikum,Berlin,3,ML & Research,17,0.61
IND-MUN-20240402-001,Praktikant Data Analyst,Praktikum,Munich,1,Core Analytics & Student Entry,7,0.61
LI-NUR-20250109-001,Praktikant Business Intelligence,Praktikum,Nuremberg,1,Core Analytics & Student Entry,5,0.61
SS-BER-20250311-001,Werkstudent Data Engineering,Werkstudent,Berlin,1,Core Analytics & Student Entry,4,0.61
IND-HAM-20240707-001,Data Analyst,Full-time,Hamburg,2,Cloud Data Engineering,10,0.61
SS-DOR-20240620-001,Werkstudent Data Engineering,Werkstudent,Dortmund,1,Core Analytics & Student Entry,6,0.61
IND-DOR-20250212-001,ML Engineer,Full-time,Dortmund,3,ML & Research,12,0.61
IND-MUN-20240815-001,Werkstudent BI,Werkstudent,Munich,1,Core Analytics & Student Entry,9,0.61
SS-MUN-20241118-001,Data Scientist,Full-time,Munich,2,Cloud Data Engineering,9,0.61
LI-HAM-20241227-001,Werkstudent Data Analytics,Werkstudent,Hamburg,2,Cloud Data Engineering,10,0.61
SS-BER-20240402-001,Data Analyst,Full-time,Berlin,3,ML & Research,11,0.61
SS-MUN-20240103-001,Praktikant Data Science,Praktikum,Munich,1,Core Analytics & Student Entry,9,0.61
IND-NUR-20240701-002,Freelance BI Consultant,Freelance/Contract,Nuremberg,4,Enterprise BI & Reporting,9,0.61
LI-MUN-20241124-001,Werkstudent Data Science,Werkstudent,Munich,1,Core Analytics & Student Entry,9,0.61
SS-BER-20240913-001,BI Engineer,Full-time,Berlin,4,Enterprise BI & Reporting,9,0.61
SS-BER-20250107-001,ML Engineer,Full-time,Berlin,1,Core Analytics & Student Entry,4,0.61
IND-FRA-20240614-001,Data Architect,Full-time,Frankfurt,2,Cloud Data Engineering,14,0.61
SS-BER-20250331-001,Praktikant Data Analyst,Praktikum,Berlin,1,Core Analytics & Student Entry,9,0.61
LI-MUN-20240613-001,Senior Data Analyst,Full-time,Munich,2,Cloud Data Engineering,10,0.61
IND-MUN-20240421-001,Werkstudent Data Science,Werkstudent,Munich,1,Core Analytics & Student Entry,8,0.61
SS-HAM-20240907-001,Praktikant Business Intelligence,Praktikum,Hamburg,3,ML & Research,14,0.61
IND-MUN-20240817-001,Senior Data Analyst,Full-time,Munich,3,ML & Research,8,0.61
LI-BER-20240322-001,Contract ML Engineer,Freelance/Contract,Berlin,2,Cloud Data Engineering,9,0.61
IND-MUN-20240323-001,Business Intelligence Analyst,Full-time,Munich,3,ML & Research,10,0.61
IND-HAM-20250306-001,Praktikant Data Analyst,Praktikum,Hamburg,1,Core Analytics & Student Entry,7,0.61
IND-MUN-20250325-001,Data Scientist,Full-time,Munich,2,Cloud Data Engineering,12,0.61
SS-MUN-20240917-001,Data Scientist,Full-time,Munich,2,Cloud Data Engineering,12,0.61
IND-MUN-20241128-001,Data Analyst,Full-time,Munich,4,Enterprise BI & Reporting,8,0.61
IND-BER-20241011-002,Data Analyst,Full-time,Berlin,3,ML & Research,16,0.61
LI-MUN-20240901-001,Analytics Engineer,Full-time,Munich,3,ML & Research,16,0.61
IND-BER-20240417-001,Data Architect,Full-time,Berlin,1,Core Analytics & Student Entry,7,0.61
SS-OTH-20241230-001,Freelance BI Consultant,Freelance/Contract,Other,1,Core Analytics & Student Entry,11,0.61
SS-MUN-20240503-001,Data Scientist,Full-time,Munich,2,Cloud Data Engineering,14,0.61
SS-MUN-20241219-001,Praktikant Data Analyst,Praktikum,Munich,4,Enterprise BI & Reporting,8,0.61
IND-FRA-20241020-001,Analytics Engineer,Full-time,Frankfurt,4,Enterprise BI & Reporting,7,0.61
LI-MUN-20240722-001,Data Scientist,Full-time,Munich,3,ML & Research,8,0.61
LI-FRA-20241022-001,Data Scientist,Full-time,Frankfurt,4,Enterprise BI & Reporting,7,0.61
IND-OTH-20250303-001,Praktikant Data Analyst,Praktikum,Other,1,Core Analytics & Student Entry,8,0.61
SS-MUN-20240227-001,Data Architect,Full-time,Munich,2,Cloud Data Engineering,11,0.61
IND-MUN-20240314-001,Analytics Engineer,Full-time,Munich,2,Cloud Data Engineering,12,0.61
IND-STU-20240926-001,Data Scientist,Full-time,Stuttgart,3,ML & Research,12,0.61
LI-OTH-20240807-001,Praktikant Data Analyst,Praktikum,Other,1,Core Analytics & Student Entry,8,0.61
LI-ESS-20241017-002,Analytics Engineer,Full-time,Essen,4,Enterprise BI & Reporting,10,0.61
IND-HAM-20240222-001,Senior Data Engineer,Full-time,Hamburg,3,ML & Research,10,0.61
SS-BER-20241101-001,ML Engineer,Full-time,Berlin,1,Core Analytics & Student Entry,7,0.61
SS-MUN-20240208-001,Business Intelligence Analyst,Full-time,Munich,3,ML & Research,9,0.61
SS-HAM-20240321-001,Werkstudent Machine Learning,Werkstudent,Hamburg,1,Core Analytics & Student Entry,8,0.61
SS-HAM-20240413-001,Praktikant Data Science,Praktikum,Hamburg,1,Core Analytics & Student Entry,7,0.61
LI-MUN-20240328-001,Praktikant Data Analyst,Praktikum,Munich,1,Core Analytics & Student Entry,8,0.61
SS-MUN-20241119-001,Contract Data Analyst,Freelance/Contract,Munich,1,Core Analytics & Student Entry,4,0.61
LI-MUN-20241018-001,Werkstudent Machine Learning,Werkstudent,Munich,1,Core Analytics & Student Entry,6,0.61
IND-BER-20250215-001,Data Engineer,Full-time,Berlin,1,Core Analytics & Student Entry,7,0.61
LI-DÜS-20240804-001,Data Engineer,Full-time,Düsseldorf,1,Core Analytics & Student Entry,8,0.61
SS-BER-20241105-001,Werkstudent Data Science,Werkstudent,Berlin,1,Core Analytics & Student Entry,6,0.61
LI-FRA-20240422-001,ML Engineer,Full-time,Frankfurt,3,ML & Research,12,0.61
SS-FRA-20241209-003,BI Engineer,Full-time,Frankfurt,3,ML & Research,12,0.61
IND-DÜS-20240418-001,Senior Data Analyst,Full-time,Düsseldorf,3,ML & Research,15,0.61
IND-LEI-20240621-001,ML Engineer,Full-time,Leipzig,1,Core Analytics & Student Entry,7,0.61
SS-OTH-20241202-001,Business Intelligence Analyst,Full-time,Other,2,Cloud Data Engineering,12,0.61
SS-STU-20240123-001,Praktikant Analytics,Praktikum,Stuttgart,1,Core Analytics & Student Entry,6,0.61
LI-DÜS-20240427-001,Senior Data Engineer,Full-time,Düsseldorf,3,ML & Research,14,0.61
LI-BER-20240129-001,Data Scientist,Full-time,Berlin,1,Core Analytics & Student Entry,10,0.61
LI-HAM-20240909-001,BI Engineer,Full-time,Hamburg,3,ML & Research,12,0.61
SS-FRA-20241025-001,Werkstudent Machine Learning,Werkstudent,Frankfurt,2,Cloud Data Engineering,12,0.61
IND-BER-20241111-001,Data Analyst,Full-time,Berlin,2,Cloud Data Engineering,14,0.61
SS-COL-20250225-001,BI Engineer,Full-time,Cologne,4,Enterprise BI & Reporting,9,0.61
LI-ESS-20240717-001,Senior Data Analyst,Full-time,Essen,2,Cloud Data Engineering,13,0.61
IND-BER-20250108-001,Data Architect,Full-time,Berlin,1,Core Analytics & Student Entry,5,0.61
SS-STU-20241227-001,Praktikant Data Analyst,Praktikum,Stuttgart,1,Core Analytics & Student Entry,7,0.61
SS-DÜS-20240903-002,Werkstudent Machine Learning,Werkstudent,Düsseldorf,2,Cloud Data Engineering,12,0.61
SS-BER-20240205-002,Data Engineer,Full-time,Berlin,2,Cloud Data Engineering,16,0.61
IND-BER-20241128-001,Werkstudent BI,Werkstudent,Berlin,1,Core Analytics & Student Entry,6,0.61
SS-OTH-20240603-001,Praktikant Data Science,Praktikum,Other,1,Core Analytics & Student Entry,9,0.61
IND-MUN-20241108-001,Werkstudent BI,Werkstudent,Munich,4,Enterprise BI & Reporting,8,0.61
SS-ESS-20240614-001,Senior Data Engineer,Full-time,Essen,3,ML & Research,14,0.61
SS-BER-20241212-001,Werkstudent Data Science,Werkstudent,Berlin,1,Core Analytics & Student Entry,10,0.61
SS-MUN-20240602-001,Werkstudent Data Science,Werkstudent,Munich,1,Core Analytics & Student Entry,5,0.61
SS-MUN-20240831-001,Werkstudent BI,Werkstudent,Munich,1,Core Analytics & Student Entry,4,0.61
LI-OTH-20240412-001,Data Scientist,Full-time,Other,2,Cloud Data Engineering,11,0.61
IND-BER-20241207-001,Praktikant Analytics,Praktikum,Berlin,1,Core Analytics & Student Entry,7,0.61
SS-FRA-20240903-001,Werkstudent Data Analytics,Werkstudent,Frankfurt,1,Core Analytics & Student Entry,9,0.61
SS-NUR-20241224-001,Werkstudent Data Engineering,Werkstudent,Nuremberg,1,Core Analytics & Student Entry,8,0.61
SS-STU-20241221-001,Business Intelligence Analyst,Full-time,Stuttgart,4,Enterprise BI & Reporting,7,0.61
SS-FRA-20240521-001,Werkstudent Machine Learning,Werkstudent,Frankfurt,1,Core Analytics & Student Entry,6,0.61
SS-LEI-20240705-001,Senior Data Analyst,Full-time,Leipzig,2,Cloud Data Engineering,11,0.61
SS-HAM-20240828-002,Freelance BI Consultant,Freelance/Contract,Hamburg,4,Enterprise BI & Reporting,7,0.61
IND-BER-20240607-001,ML Engineer,Full-time,Berlin,2,Cloud Data Engineering,12,0.61
LI-MUN-20240621-001,Praktikant Business Intelligence,Praktikum,Munich,1,Core Analytics & Student Entry,6,0.61
IND-HAM-20241113-001,Praktikant Business Intelligence,Praktikum,Hamburg,1,Core Analytics & Student Entry,5,0.61
SS-MUN-20240125-001,Werkstudent Data Analytics,Werkstudent,Munich,1,Core Analytics & Student Entry,6,0.61
IND-BER-20240702-002,Analytics Engineer,Full-time,Berlin,4,Enterprise BI & Reporting,9,0.61
IND-HAM-20241212-001,Senior Data Analyst,Full-time,Hamburg,4,Enterprise BI & Reporting,10,0.61
LI-MUN-20240404-002,ML Engineer,Full-time,Munich,2,Cloud Data Engineering,12,0.61
LI-FRA-20240923-002,Data Architect,Full-time,Frankfurt,2,Cloud Data Engineering,9,0.61
IND-BER-20240114-001,Data Analyst,Full-time,Berlin,1,Core Analytics & Student Entry,8,0.61
IND-ESS-20240120-001,Praktikant Data Science,Praktikum,Essen,3,ML & Research,13,0.61
LI-HAM-20241112-001,Data Architect,Full-time,Hamburg,1,Core Analytics & Student Entry,9,0.61
IND-BER-20241022-001,Praktikant Business Intelligence,Praktikum,Berlin,1,Core Analytics & Student Entry,6,0.61
IND-BER-20240105-002,ML Engineer,Full-time,Berlin,3,ML & Research,11,0.61
IND-BER-20250222-001,ML Engineer,Full-time,Berlin,3,ML & Research,8,0.61
IND-NUR-20240203-001,Praktikant Data Analyst,Praktikum,Nuremberg,1,Core Analytics & Student Entry,8,0.61
SS-OTH-20240413-001,Praktikant Data Science,Praktikum,Other,1,Core Analytics & Student Entry,8,0.61
SS-MUN-20240509-001,Werkstudent Data Analytics,Werkstudent,Munich,3,ML & Research,10,0.61
IND-OTH-20241203-001,Praktikant Data Science,Praktikum,Other,1,Core Analytics & Student Entry,8,0.61
IND-BER-20250324-001,Werkstudent BI,Werkstudent,Berlin,1,Core Analytics & Student Entry,8,0.61
SS-HAM-20240614-001,Werkstudent Data Science,Werkstudent,Hamburg,1,Core Analytics & Student Entry,5,0.61
LI-FRA-20250225-001,Data Scientist,Full-time,Frankfurt,3,ML & Research,14,0.61
SS-COL-20240421-002,BI Engineer,Full-time,Cologne,4,Enterprise BI & Reporting,10,0.61
SS-BER-20240602-001,Data Analyst,Full-time,Berlin,4,Enterprise BI & Reporting,11,0.61
IND-OTH-20240922-001,Praktikant Analytics,Praktikum,Other,4,Enterprise BI & Reporting,7,0.61
SS-MUN-20241203-001,Business Intelligence Analyst,Full-time,Munich,4,Enterprise BI & Reporting,8,0.61
LI-OTH-20250321-001,Praktikant Business Intelligence,Praktikum,Other,1,Core Analytics & Student Entry,7,0.61
SS-HAM-20240131-002,Data Architect,Full-time,Hamburg,1,Core Analytics & Student Entry,10,0.61
SS-BER-20250305-002,Data Engineer,Full-time,Berlin,2,Cloud Data Engineering,12,0.61
LI-HAM-20240719-001,Data Scientist,Full-time,Hamburg,2,Cloud Data Engineering,12,0.61
SS-LEI-20240829-001,Praktikant Data Analyst,Praktikum,Leipzig,1,Core Analytics & Student Entry,6,0.61
LI-MUN-20241126-002,Data Analyst,Full-time,Munich,2,Cloud Data Engineering,15,0.61
IND-COL-20240407-001,Data Engineer,Full-time,Cologne,4,Enterprise BI & Reporting,11,0.61
LI-HAM-20240618-001,Data Engineer,Full-time,Hamburg,2,Cloud Data Engineering,9,0.61
SS-HAM-20240821-001,Contract Data Analyst,Freelance/Contract,Hamburg,1,Core Analytics & Student Entry,8,0.61
LI-MUN-20250319-001,Praktikant Business Intelligence,Praktikum,Munich,2,Cloud Data Engineering,15,0.61
SS-COL-20241220-001,Werkstudent Machine Learning,Werkstudent,Cologne,1,Core Analytics & Student Entry,6,0.61
SS-COL-20240327-002,Praktikant Business Intelligence,Praktikum,Cologne,1,Core Analytics & Student Entry,9,0.61
IND-HAM-20240209-002,Data Analyst,Full-time,Hamburg,2,Cloud Data Engineering,12,0.61
IND-BER-20240822-002,Analytics Engineer,Full-time,Berlin,4,Enterprise BI & Reporting,8,0.61
LI-HAM-20240506-001,Data Architect,Full-time,Hamburg,4,Enterprise BI & Reporting,9,0.61
IND-LEI-20250220-001,BI Engineer,Full-time,Leipzig,2,Cloud Data Engineering,7,0.61
SS-MUN-20240313-004,Analytics Engineer,Full-time,Munich,3,ML & Research,11,0.61
IND-FRA-20250211-001,Data Engineer,Full-time,Frankfurt,3,ML & Research,9,0.61
IND-HAM-20240503-001,Freelance Data Engineer,Freelance/Contract,Hamburg,1,Core Analytics & Student Entry,8,0.61
IND-OTH-20240114-001,Werkstudent Data Engineering,Werkstudent,Other,1,Core Analytics & Student Entry,6,0.61
LI-HAM-20250311-001,Werkstudent Data Engineering,Werkstudent,Hamburg,1,Core Analytics & Student Entry,8,0.61
IND-LEI-20241226-001,Contract Data Analyst,Freelance/Contract,Leipzig,4,Enterprise BI & Reporting,8,0.61
IND-BER-20240306-001,BI Engineer,Full-time,Berlin,1,Core Analytics & Student Entry,7,0.61
LI-HAM-20241126-001,ML Engineer,Full-time,Hamburg,3,ML & Research,9,0.61
IND-BER-20241113-001,Werkstudent Data Science,Werkstudent,Berlin,3,ML & Research,10,0.61
IND-LEI-20240623-001,Werkstudent Data Analytics,Werkstudent,Leipzig,1,Core Analytics & Student Entry,7,0.61
IND-BER-20241026-001,BI Engineer,Full-time,Berlin,2,Cloud Data Engineering,14,0.61
SS-COL-20241209-001,Praktikant Business Intelligence,Praktikum,Cologne,1,Core Analytics & Student Entry,8,0.61
LI-DOR-20240411-001,Senior Data Analyst,Full-time,Dortmund,4,Enterprise BI & Reporting,11,0.61
IND-HAM-20241002-001,Data Architect,Full-time,Hamburg,2,Cloud Data Engineering,8,0.61
SS-ESS-20240326-001,ML Engineer,Full-time,Essen,2,Cloud Data Engineering,13,0.61
LI-BER-20240707-001,Senior Data Engineer,Full-time,Berlin,2,Cloud Data Engineering,12,0.61
IND-MUN-20240305-001,Contract Data Analyst,Freelance/Contract,Munich,4,Enterprise BI & Reporting,8,0.61
SS-BER-20240317-001,Business Intelligence Analyst,Full-time,Berlin,3,ML & Research,8,0.61
IND-OTH-20240901-001,Werkstudent Data Analytics,Werkstudent,Other,1,Core Analytics & Student Entry,8,0.61
IND-STU-20240914-001,Praktikant Business Intelligence,Praktikum,Stuttgart,1,Core Analytics & Student Entry,7,0.61
SS-FRA-20250127-001,Freelance BI Consultant,Freelance/Contract,Frankfurt,1,Core Analytics & Student Entry,6,0.61
IND-COL-20240414-001,Werkstudent Data Science,Werkstudent,Cologne,4,Enterprise BI & Reporting,8,0.61
IND-ESS-20240405-001,Analytics Engineer,Full-time,Essen,1,Core Analytics & Student Entry,7,0.61
IND-FRA-20250128-001,Data Architect,Full-time,Frankfurt,2,Cloud Data Engineering,10,0.61
IND-DOR-20250210-001,Business Intelligence Analyst,Full-time,Dortmund,2,Cloud Data Engineering,10,0.61
SS-LEI-20240520-001,Business Intelligence Analyst,Full-time,Leipzig,4,Enterprise BI & Reporting,6,0.61
IND-STU-20240303-001,Data Scientist,Full-time,Stuttgart,1,Core Analytics & Student Entry,7,0.61
SS-MUN-20240804-002,BI Engineer,Full-time,Munich,2,Cloud Data Engineering,13,0.61
SS-BER-20240312-001,Praktikant Data Science,Praktikum,Berlin,1,Core Analytics & Student Entry,5,0.61
IND-STU-20240726-001,Praktikant Analytics,Praktikum,Stuttgart,1,Core Analytics & Student Entry,8,0.61
SS-OTH-20240618-001,Werkstudent Data Analytics,Werkstudent,Other,4,Enterprise BI & Reporting,6,0.61
LI-BER-20240928-001,Contract ML Engineer,Freelance/Contract,Berlin,4,Enterprise BI & Reporting,5,0.61
IND-DOR-20240311-001,Senior Data Analyst,Full-time,Dortmund,2,Cloud Data Engineering,9,0.61
LI-HAM-20241117-002,ML Engineer,Full-time,Hamburg,3,ML & Research,14,0.61
LI-FRA-20241213-001,Analytics Engineer,Full-time,Frankfurt,1,Core Analytics & Student Entry,5,0.61
LI-BER-20240205-001,BI Engineer,Full-time,Berlin,2,Cloud Data Engineering,15,0.61
LI-MUN-20240810-001,ML Engineer,Full-time,Munich,4,Enterprise BI & Reporting,8,0.61
LI-MUN-20250226-001,Werkstudent BI,Werkstudent,Munich,1,Core Analytics & Student Entry,6,0.61
IND-BER-20240313-001,BI Engineer,Full-time,Berlin,2,Cloud Data Engineering,13,0.61
LI-OTH-20250322-001,Werkstudent Data Analytics,Werkstudent,Other,1,Core Analytics & Student Entry,7,0.61
SS-MUN-20241020-001,Werkstudent Data Engineering,Werkstudent,Munich,1,Core Analytics & Student Entry,5,0.61
LI-BER-20250116-001,Data Architect,Full-time,Berlin,1,Core Analytics & Student Entry,4,0.61
LI-FRA-20240405-001,Analytics Engineer,Full-time,Frankfurt,4,Enterprise BI & Reporting,6,0.61
SS-NUR-20240424-001,Praktikant Business Intelligence,Praktikum,Nuremberg,1,Core Analytics & Student Entry,7,0.61
IND-HAM-20240318-001,ML Engineer,Full-time,Hamburg,2,Cloud Data Engineering,12,0.61
LI-FRA-20240207-002,Data Engineer,Full-time,Frankfurt,4,Enterprise BI & Reporting,8,0.61
SS-MUN-20250325-001,Praktikant Business Intelligence,Praktikum,Munich,1,Core Analytics & Student Entry,3,0.61
LI-HAM-20250314-001,ML Engineer,Full-time,Hamburg,4,Enterprise BI & Reporting,9,0.61
IND-MUN-20240429-002,Freelance BI Consultant,Freelance/Contract,Munich,4,Enterprise BI & Reporting,11,0.61
LI-BER-20240810-001,Analytics Engineer,Full-time,Berlin,1,Core Analytics & Student Entry,10,0.61
IND-MUN-20241112-002,Werkstudent Machine Learning,Werkstudent,Munich,4,Enterprise BI & Reporting,8,0.61
SS-OTH-20250225-001,Werkstudent BI,Werkstudent,Other,4,Enterprise BI & Reporting,8,0.61
SS-STU-20241124-001,Praktikant Business Intelligence,Praktikum,Stuttgart,1,Core Analytics & Student Entry,6,0.61
IND-HAM-20240408-001,Werkstudent Data Science,Werkstudent,Hamburg,3,ML & Research,11,0.61
SS-OTH-20240522-001,Werkstudent Data Science,Werkstudent,Other,1,Core Analytics & Student Entry,6,0.61
LI-FRA-20250128-001,Senior Data Engineer,Full-time,Frankfurt,1,Core Analytics & Student Entry,8,0.61
IND-MUN-20250108-001,Werkstudent Data Science,Werkstudent,Munich,3,ML & Research,16,0.61
LI-BER-20240607-001,Business Intelligence Analyst,Full-time,Berlin,3,ML & Research,11,0.61
SS-STU-20240311-001,Senior Data Analyst,Full-time,Stuttgart,2,Cloud Data Engineering,11,0.61
SS-MUN-20240517-002,Praktikant Data Science,Praktikum,Munich,3,ML & Research,9,0.61
SS-BER-20250101-002,Werkstudent BI,Werkstudent,Berlin,4,Enterprise BI & Reporting,9,0.61
SS-LEI-20240930-001,Data Engineer,Full-time,Leipzig,3,ML & Research,10,0.61
SS-BER-20250106-002,Werkstudent Data Science,Werkstudent,Berlin,1,Core Analytics & Student Entry,6,0.61
IND-MUN-20241221-002,Werkstudent Data Analytics,Werkstudent,Munich,1,Core Analytics & Student Entry,8,0.61
SS-HAM-20240912-001,Werkstudent Machine Learning,Werkstudent,Hamburg,3,ML & Research,10,0.61
SS-MUN-20240127-001,ML Engineer,Full-time,Munich,3,ML & Research,11,0.61
IND-HAM-20250210-001,Data Analyst,Full-time,Hamburg,2,Cloud Data Engineering,10,0.61
LI-MUN-20240213-001,Werkstudent Data Engineering,Werkstudent,Munich,2,Cloud Data Engineering,13,0.61
SS-BER-20240919-001,Data Engineer,Full-time,Berlin,1,Core Analytics & Student Entry,12,0.61
SS-COL-20241003-001,Data Architect,Full-time,Cologne,4,Enterprise BI & Reporting,8,0.61
SS-MUN-20240504-001,Analytics Engineer,Full-time,Munich,2,Cloud Data Engineering,10,0.61
LI-BER-20250216-001,Senior Data Analyst,Full-time,Berlin,2,Cloud Data Engineering,12,0.61
LI-LEI-20250204-001,BI Engineer,Full-time,Leipzig,2,Cloud Data Engineering,10,0.61
LI-OTH-20241202-001,Praktikant Data Analyst,Praktikum,Other,1,Core Analytics & Student Entry,8,0.61
SS-BER-20240616-001,Werkstudent Data Analytics,Werkstudent,Berlin,1,Core Analytics & Student Entry,8,0.61
IND-COL-20240724-001,Senior Data Engineer,Full-time,Cologne,2,Cloud Data Engineering,10,0.61
LI-FRA-20250314-001,Senior Data Analyst,Full-time,Frankfurt,2,Cloud Data Engineering,12,0.61
SS-OTH-20240715-001,Praktikant Data Science,Praktikum,Other,1,Core Analytics & Student Entry,6,0.61
SS-ESS-20240410-001,Werkstudent Data Science,Werkstudent,Essen,1,Core Analytics & Student Entry,6,0.61
IND-BER-20240327-001,Freelance Data Engineer,Freelance/Contract,Berlin,4,Enterprise BI & Reporting,6,0.61
LI-ESS-20240423-001,Praktikant Analytics,Praktikum,Essen,1,Core Analytics & Student Entry,8,0.61
SS-BER-20240711-001,Werkstudent Data Engineering,Werkstudent,Berlin,4,Enterprise BI & Reporting,4,0.61
SS-DOR-20250109-001,Senior Data Analyst,Full-time,Dortmund,2,Cloud Data Engineering,13,0.61
IND-MUN-20240613-001,Senior Data Engineer,Full-time,Munich,4,Enterprise BI & Reporting,9,0.61
SS-NUR-20241124-001,Werkstudent Data Analytics,Werkstudent,Nuremberg,3,ML & Research,10,0.61
SS-NUR-20250318-001,Werkstudent Machine Learning,Werkstudent,Nuremberg,1,Core Analytics & Student Entry,8,0.61
SS-MUN-20240725-001,Werkstudent Machine Learning,Werkstudent,Munich,1,Core Analytics & Student Entry,6,0.61
LI-BER-20241130-001,Werkstudent Machine Learning,Werkstudent,Berlin,4,Enterprise BI & Reporting,9,0.61
IND-COL-20240922-001,Werkstudent Data Analytics,Werkstudent,Cologne,1,Core Analytics & Student Entry,6,0.61
SS-BER-20240113-001,ML Engineer,Full-time,Berlin,1,Core Analytics & Student Entry,6,0.61
SS-MUN-20240923-002,Data Architect,Full-time,Munich,2,Cloud Data Engineering,11,0.61
SS-HAM-20240707-001,Werkstudent Data Science,Werkstudent,Hamburg,2,Cloud Data Engineering,13,0.61
SS-STU-20241205-001,Data Engineer,Full-time,Stuttgart,2,Cloud Data Engineering,15,0.61
IND-BER-20241007-001,ML Engineer,Full-time,Berlin,2,Cloud Data Engineering,13,0.61
LI-HAM-20241231-003,Werkstudent Machine Learning,Werkstudent,Hamburg,4,Enterprise BI & Reporting,8,0.61
IND-BER-20240102-003,Werkstudent Data Engineering,Werkstudent,Berlin,1,Core Analytics & Student Entry,4,0.61
SS-MUN-20240506-001,Werkstudent Data Engineering,Werkstudent,Munich,3,ML & Research,10,0.61
SS-MUN-20240110-001,Senior Data Analyst,Full-time,Munich,2,Cloud Data Engineering,16,0.61
IND-OTH-20240529-001,BI Engineer,Full-time,Other,2,Cloud Data Engineering,16,0.61
SS-BER-20241103-001,ML Engineer,Full-time,Berlin,2,Cloud Data Engineering,11,0.61
LI-MUN-20240930-003,Senior Data Engineer,Full-time,Munich,4,Enterprise BI & Reporting,5,0.61
SS-MUN-20250220-001,Data Architect,Full-time,Munich,3,ML & Research,12,0.61
IND-MUN-20240529-001,Werkstudent Machine Learning,Werkstudent,Munich,2,Cloud Data Engineering,14,0.61
IND-FRA-20241030-001,Senior Data Analyst,Full-time,Frankfurt,3,ML & Research,12,0.61
SS-MUN-20240306-001,Werkstudent BI,Werkstudent,Munich,3,ML & Research,9,0.61
SS-DOR-20250318-001,Business Intelligence Analyst,Full-time,Dortmund,3,ML & Research,13,0.61
IND-COL-20241128-001,BI Engineer,Full-time,Cologne,2,Cloud Data Engineering,8,0.61
LI-MUN-20250202-002,Business Intelligence Analyst,Full-time,Munich,4,Enterprise BI & Reporting,9,0.61
SS-DOR-20240426-001,Analytics Engineer,Full-time,Dortmund,1,Core Analytics & Student Entry,10,0.61
SS-LEI-20250312-001,Praktikant Analytics,Praktikum,Leipzig,1,Core Analytics & Student Entry,4,0.61
IND-BER-20250103-001,Praktikant Analytics,Praktikum,Berlin,1,Core Analytics & Student Entry,6,0.61
LI-BER-20250130-001,Werkstudent Machine Learning,Werkstudent,Berlin,3,ML & Research,10,0.61
SS-ESS-20240108-001,Werkstudent Machine Learning,Werkstudent,Essen,1,Core Analytics & Student Entry,4,0.61
LI-MUN-20250217-001,Data Scientist,Full-time,Munich,1,Core Analytics & Student Entry,4,0.61
IND-BER-20240916-001,Data Analyst,Full-time,Berlin,2,Cloud Data Engineering,14,0.61
IND-BER-20250312-001,Werkstudent Data Science,Werkstudent,Berlin,1,Core Analytics & Student Entry,4,0.61
LI-MUN-20240916-001,ML Engineer,Full-time,Munich,3,ML & Research,12,0.61
LI-MUN-20240225-001,Werkstudent Machine Learning,Werkstudent,Munich,1,Core Analytics & Student Entry,6,0.61
SS-BER-20241221-001,Werkstudent Data Analytics,Werkstudent,Berlin,1,Core Analytics & Student Entry,9,0.61
SS-STU-20240907-001,Senior Data Analyst,Full-time,Stuttgart,2,Cloud Data Engineering,9,0.61
SS-HAM-20240507-001,Praktikant Data Science,Praktikum,Hamburg,1,Core Analytics & Student Entry,10,0.61
SS-HAM-20241107-002,Data Analyst,Full-time,Hamburg,3,ML & Research,11,0.61
IND-DOR-20240111-001,Werkstudent Machine Learning,Werkstudent,Dortmund,3,ML & Research,16,0.61
IND-OTH-20240925-001,Business Intelligence Analyst,Full-time,Other,3,ML & Research,13,0.61
SS-FRA-20240119-002,Werkstudent BI,Werkstudent,Frankfurt,1,Core Analytics & Student Entry,7,0.61
SS-DOR-20240907-001,Praktikant Business Intelligence,Praktikum,Dortmund,1,Core Analytics & Student Entry,7,0.61
SS-HAM-20241221-002,Senior Data Analyst,Full-time,Hamburg,2,Cloud Data Engineering,15,0.61
SS-COL-20240326-001,Werkstudent Data Engineering,Werkstudent,Cologne,1,Core Analytics & Student Entry,8,0.61
SS-FRA-20240627-001,Senior Data Engineer,Full-time,Frankfurt,1,Core Analytics & Student Entry,6,0.61
SS-STU-20240808-001,Contract Data Analyst,Freelance/Contract,Stuttgart,4,Enterprise BI & Reporting,6,0.61
SS-COL-20240818-001,Werkstudent BI,Werkstudent,Cologne,2,Cloud Data Engineering,15,0.61
IND-OTH-20240204-001,Senior Data Analyst,Full-time,Other,2,Cloud Data Engineering,10,0.61
SS-FRA-20240414-001,Analytics Engineer,Full-time,Frankfurt,3,ML & Research,10,0.61
SS-BER-20240127-001,Praktikant Data Analyst,Praktikum,Berlin,3,ML & Research,9,0.61
LI-HAM-20240508-001,Senior Data Analyst,Full-time,Hamburg,1,Core Analytics & Student Entry,7,0.61
SS-LEI-20250313-002,Data Analyst,Full-time,Leipzig,4,Enterprise BI & Reporting,7,0.61
LI-MUN-20240818-001,Freelance Data Engineer,Freelance/Contract,Munich,4,Enterprise BI & Reporting,9,0.61
LI-OTH-20240304-001,Werkstudent Machine Learning,Werkstudent,Other,2,Cloud Data Engineering,12,0.61
SS-MUN-20250215-001,Werkstudent BI,Werkstudent,Munich,1,Core Analytics & Student Entry,8,0.61
IND-MUN-20240803-001,Business Intelligence Analyst,Full-time,Munich,3,ML & Research,10,0.61
IND-MUN-20250124-001,Analytics Engineer,Full-time,Munich,3,ML & Research,9,0.61
IND-DÜS-20240410-001,Senior Data Engineer,Full-time,Düsseldorf,1,Core Analytics & Student Entry,7,0.61
SS-MUN-20240518-001,Data Engineer,Full-time,Munich,3,ML & Research,13,0.61
LI-MUN-20241201-001,Data Architect,Full-time,Munich,3,ML & Research,15,0.61
SS-HAM-20240229-001,Praktikant Analytics,Praktikum,Hamburg,1,Core Analytics & Student Entry,5,0.61
IND-DOR-20241122-001,Praktikant Data Analyst,Praktikum,Dortmund,1,Core Analytics & Student Entry,8,0.61
LI-MUN-20240914-001,Praktikant Data Analyst,Praktikum,Munich,3,ML & Research,15,0.61
IND-MUN-20240918-001,Business Intelligence Analyst,Full-time,Munich,2,Cloud Data Engineering,10,0.61
SS-BER-20240822-001,Praktikant Analytics,Praktikum,Berlin,1,Core Analytics & Student Entry,6,0.61
LI-LEI-20240515-001,Werkstudent Data Science,Werkstudent,Leipzig,3,ML & Research,11,0.61
LI-FRA-20240830-001,Senior Data Engineer,Full-time,Frankfurt,2,Cloud Data Engineering,13,0.61
SS-ESS-20240603-001,Senior Data Analyst,Full-time,Essen,1,Core Analytics & Student Entry,7,0.61
IND-ESS-20240216-001,Data Scientist,Full-time,Essen,4,Enterprise BI & Reporting,8,0.61
LI-BER-20240401-001,Senior Data Analyst,Full-time,Berlin,4,Enterprise BI & Reporting,8,0.61
LI-HAM-20240210-001,Werkstudent Data Science,Werkstudent,Hamburg,1,Core Analytics & Student Entry,6,0.61
IND-HAM-20241024-001,Data Analyst,Full-time,Hamburg,1,Core Analytics & Student Entry,5,0.61
LI-MUN-20240506-001,Werkstudent Data Science,Werkstudent,Munich,1,Core Analytics & Student Entry,8,0.61
SS-MUN-20240409-001,Werkstudent Data Science,Werkstudent,Munich,1,Core Analytics & Student Entry,8,0.61
IND-BER-20240713-001,Praktikant Business Intelligence,Praktikum,Berlin,1,Core Analytics & Student Entry,8,0.61
SS-ESS-20241216-001,Werkstudent Machine Learning,Werkstudent,Essen,2,Cloud Data Engineering,12,0.61
LI-BER-20250321-001,Senior Data Analyst,Full-time,Berlin,1,Core Analytics & Student Entry,7,0.61
LI-HAM-20240228-001,ML Engineer,Full-time,Hamburg,3,ML & Research,11,0.61
LI-BER-20241114-001,Werkstudent Data Engineering,Werkstudent,Berlin,1,Core Analytics & Student Entry,10,0.61
LI-BER-20240215-001,Praktikant Analytics,Praktikum,Berlin,1,Core Analytics & Student Entry,8,0.61
SS-BER-20250207-001,Data Analyst,Full-time,Berlin,3,ML & Research,11,0.61
SS-MUN-20250310-001,Praktikant Analytics,Praktikum,Munich,1,Core Analytics & Student Entry,10,0.61
SS-MUN-20241014-001,Data Architect,Full-time,Munich,4,Enterprise BI & Reporting,5,0.61
IND-LEI-20240813-001,Data Architect,Full-time,Leipzig,4,Enterprise BI & Reporting,7,0.61
LI-OTH-20241210-002,ML Engineer,Full-time,Other,4,Enterprise BI & Reporting,8,0.61
IND-MUN-20250303-001,BI Engineer,Full-time,Munich,1,Core Analytics & Student Entry,6,0.61
LI-HAM-20240625-001,Praktikant Data Science,Praktikum,Hamburg,1,Core Analytics & Student Entry,9,0.61
SS-MUN-20241127-001,Data Engineer,Full-time,Munich,1,Core Analytics & Student Entry,10,0.61
SS-BER-20250315-001,Senior Data Analyst,Full-time,Berlin,3,ML & Research,13,0.61
IND-MUN-20240913-001,Werkstudent Machine Learning,Werkstudent,Munich,1,Core Analytics & Student Entry,4,0.61
LI-MUN-20240207-001,Data Engineer,Full-time,Munich,2,Cloud Data Engineering,11,0.61
IND-MUN-20250219-001,Analytics Engineer,Full-time,Munich,2,Cloud Data Engineering,13,0.61
SS-FRA-20240201-001,Praktikant Data Analyst,Praktikum,Frankfurt,1,Core Analytics & Student Entry,8,0.61
IND-STU-20241213-001,Senior Data Engineer,Full-time,Stuttgart,4,Enterprise BI & Reporting,7,0.61
SS-MUN-20240419-001,Senior Data Engineer,Full-time,Munich,2,Cloud Data Engineering,12,0.61
IND-BER-20240305-001,Praktikant Analytics,Praktikum,Berlin,1,Core Analytics & Student Entry,9,0.61
LI-HAM-20250113-001,Praktikant Business Intelligence,Praktikum,Hamburg,1,Core Analytics & Student Entry,5,0.61
IND-OTH-20241006-001,Werkstudent Data Analytics,Werkstudent,Other,1,Core Analytics & Student Entry,6,0.61
IND-STU-20240330-001,Praktikant Data Science,Praktikum,Stuttgart,1,Core Analytics & Student Entry,7,0.61
LI-NUR-20241105-001,Praktikant Analytics,Praktikum,Nuremberg,1,Core Analytics & Student Entry,4,0.61
IND-BER-20241015-001,Senior Data Engineer,Full-time,Berlin,4,Enterprise BI & Reporting,8,0.61
SS-MUN-20240922-001,BI Engineer,Full-time,Munich,3,ML & Research,13,0.61
SS-LEI-20240906-001,Contract ML Engineer,Freelance/Contract,Leipzig,2,Cloud Data Engineering,15,0.61
SS-HAM-20240221-002,Werkstudent Machine Learning,Werkstudent,Hamburg,3,ML & Research,11,0.61
SS-COL-20240530-001,Praktikant Analytics,Praktikum,Cologne,1,Core Analytics & Student Entry,5,0.61
LI-BER-20240809-003,Analytics Engineer,Full-time,Berlin,2,Cloud Data Engineering,10,0.61
LI-MUN-20240211-001,Werkstudent Data Analytics,Werkstudent,Munich,1,Core Analytics & Student Entry,7,0.61
IND-FRA-20240101-001,Analytics Engineer,Full-time,Frankfurt,4,Enterprise BI & Reporting,9,0.61
SS-HAM-20240421-001,BI Engineer,Full-time,Hamburg,2,Cloud Data Engineering,13,0.61
LI-BER-20240705-001,Freelance Data Engineer,Freelance/Contract,Berlin,1,Core Analytics & Student Entry,5,0.61
IND-BER-20240919-001,Data Engineer,Full-time,Berlin,3,ML & Research,9,0.61
SS-BER-20250218-002,Werkstudent Machine Learning,Werkstudent,Berlin,4,Enterprise BI & Reporting,11,0.61
LI-MUN-20250310-001,BI Engineer,Full-time,Munich,2,Cloud Data Engineering,13,0.61
LI-COL-20240710-001,Praktikant Analytics,Praktikum,Cologne,1,Core Analytics & Student Entry,7,0.61
SS-MUN-20240926-001,Business Intelligence Analyst,Full-time,Munich,4,Enterprise BI & Reporting,7,0.61
SS-HAM-20241216-001,Business Intelligence Analyst,Full-time,Hamburg,1,Core Analytics & Student Entry,5,0.61
SS-MUN-20241121-002,Senior Data Engineer,Full-time,Munich,3,ML & Research,12,0.61
LI-MUN-20240404-001,Praktikant Data Analyst,Praktikum,Munich,1,Core Analytics & Student Entry,9,0.61
SS-MUN-20240418-001,Data Analyst,Full-time,Munich,3,ML & Research,10,0.61
SS-COL-20250227-001,Data Scientist,Full-time,Cologne,1,Core Analytics & Student Entry,7,0.61
SS-HAM-20240812-001,Praktikant Data Science,Praktikum,Hamburg,1,Core Analytics & Student Entry,5,0.61
SS-BER-20240526-001,Werkstudent BI,Werkstudent,Berlin,1,Core Analytics & Student Entry,5,0.61
SS-ESS-20241105-001,Data Architect,Full-time,Essen,4,Enterprise BI & Reporting,8,0.61
IND-DÜS-20240115-001,Praktikant Business Intelligence,Praktikum,Düsseldorf,4,Enterprise BI & Reporting,6,0.61
SS-BER-20250304-002,Data Analyst,Full-time,Berlin,3,ML & Research,15,0.61
LI-MUN-20240304-002,Analytics Engineer,Full-time,Munich,4,Enterprise BI & Reporting,9,0.61
IND-LEI-20240929-001,Praktikant Data Analyst,Praktikum,Leipzig,1,Core Analytics & Student Entry,7,0.61
SS-DOR-20240327-001,Contract ML Engineer,Freelance/Contract,Dortmund,1,Core Analytics & Student Entry,8,0.61
SS-BER-20240502-001,Werkstudent Data Science,Werkstudent,Berlin,1,Core Analytics & Student Entry,7,0.61
SS-BER-20241110-001,Werkstudent Data Science,Werkstudent,Berlin,3,ML & Research,13,0.61
LI-BER-20241223-001,Praktikant Analytics,Praktikum,Berlin,3,ML & Research,10,0.61
SS-BER-20240414-001,Werkstudent Machine Learning,Werkstudent,Berlin,1,Core Analytics & Student Entry,6,0.61
LI-DOR-20240926-001,Werkstudent Data Science,Werkstudent,Dortmund,4,Enterprise BI & Reporting,7,0.61
IND-DOR-20240808-001,Data Engineer,Full-time,Dortmund,1,Core Analytics & Student Entry,6,0.61
IND-MUN-20240103-001,Data Engineer,Full-time,Munich,2,Cloud Data Engineering,14,0.61
IND-OTH-20240520-001,Data Analyst,Full-time,Other,1,Core Analytics & Student Entry,5,0.61
LI-COL-20240522-001,Freelance BI Consultant,Freelance/Contract,Cologne,4,Enterprise BI & Reporting,9,0.61
IND-COL-20250310-001,Business Intelligence Analyst,Full-time,Cologne,4,Enterprise BI & Reporting,6,0.61
LI-HAM-20250220-002,Praktikant Analytics,Praktikum,Hamburg,1,Core Analytics & Student Entry,6,0.61
SS-FRA-20240301-002,BI Engineer,Full-time,Frankfurt,2,Cloud Data Engineering,14,0.61
IND-BER-20240812-001,Werkstudent BI,Werkstudent,Berlin,1,Core Analytics & Student Entry,5,0.61
LI-FRA-20241003-001,Analytics Engineer,Full-time,Frankfurt,2,Cloud Data Engineering,15,0.61
IND-MUN-20240903-001,BI Engineer,Full-time,Munich,1,Core Analytics & Student Entry,3,0.61
SS-FRA-20241024-001,Werkstudent BI,Werkstudent,Frankfurt,1,Core Analytics & Student Entry,6,0.61
SS-HAM-20250222-001,Analytics Engineer,Full-time,Hamburg,2,Cloud Data Engineering,11,0.61
IND-FRA-20241203-001,Werkstudent Machine Learning,Werkstudent,Frankfurt,1,Core Analytics & Student Entry,9,0.61
SS-HAM-20240413-002,Analytics Engineer,Full-time,Hamburg,4,Enterprise BI & Reporting,8,0.61
IND-OTH-20241108-001,Werkstudent BI,Werkstudent,Other,2,Cloud Data Engineering,11,0.61
LI-HAM-20241010-001,Contract ML Engineer,Freelance/Contract,Hamburg,4,Enterprise BI & Reporting,9,0.61
SS-MUN-20240308-001,Werkstudent Machine Learning,Werkstudent,Munich,4,Enterprise BI & Reporting,8,0.61
IND-MUN-20250124-002,Business Intelligence Analyst,Full-time,Munich,4,Enterprise BI & Reporting,8,0.61
IND-STU-20240421-001,Praktikant Data Science,Praktikum,Stuttgart,1,Core Analytics & Student Entry,8,0.61
LI-ESS-20241125-001,Contract ML Engineer,Freelance/Contract,Essen,1,Core Analytics & Student Entry,8,0.61
SS-LEI-20250313-001,Werkstudent Data Engineering,Werkstudent,Leipzig,1,Core Analytics & Student Entry,8,0.61
SS-BER-20250208-002,Senior Data Engineer,Full-time,Berlin,4,Enterprise BI & Reporting,7,0.61
LI-HAM-20240420-001,Data Engineer,Full-time,Hamburg,2,Cloud Data Engineering,13,0.61
LI-MUN-20250119-001,Praktikant Data Science,Praktikum,Munich,1,Core Analytics & Student Entry,9,0.61
SS-MUN-20240107-001,Contract ML Engineer,Freelance/Contract,Munich,2,Cloud Data Engineering,13,0.61
IND-HAM-20240727-001,Data Engineer,Full-time,Hamburg,3,ML & Research,14,0.61
SS-BER-20250308-001,Data Analyst,Full-time,Berlin,3,ML & Research,10,0.61
LI-HAM-20240313-001,ML Engineer,Full-time,Hamburg,3,ML & Research,14,0.61
IND-MUN-20250205-001,Data Analyst,Full-time,Munich,2,Cloud Data Engineering,11,0.61
SS-BER-20241116-002,ML Engineer,Full-time,Berlin,2,Cloud Data Engineering,11,0.61
LI-NUR-20250127-001,Senior Data Analyst,Full-time,Nuremberg,3,ML & Research,9,0.61
LI-BER-20250107-001,Praktikant Analytics,Praktikum,Berlin,1,Core Analytics & Student Entry,6,0.61
SS-MUN-20250107-001,Data Analyst,Full-time,Munich,2,Cloud Data Engineering,12,0.61
IND-BER-20240806-002,ML Engineer,Full-time,Berlin,2,Cloud Data Engineering,11,0.61
SS-BER-20240421-001,Data Scientist,Full-time,Berlin,1,Core Analytics & Student Entry,8,0.61
LI-NUR-20241212-001,Data Engineer,Full-time,Nuremberg,1,Core Analytics & Student Entry,3,0.61
IND-MUN-20240122-002,Praktikant Business Intelligence,Praktikum,Munich,3,ML & Research,13,0.61
LI-MUN-20240214-001,Praktikant Data Science,Praktikum,Munich,1,Core Analytics & Student Entry,7,0.61
IND-MUN-20241026-001,Praktikant Business Intelligence,Praktikum,Munich,1,Core Analytics & Student Entry,8,0.61
LI-BER-20241121-001,Freelance BI Consultant,Freelance/Contract,Berlin,2,Cloud Data Engineering,11,0.61
LI-BER-20241031-001,Senior Data Analyst,Full-time,Berlin,3,ML & Research,12,0.61
LI-FRA-20240310-001,Praktikant Data Science,Praktikum,Frankfurt,1,Core Analytics & Student Entry,7,0.61
LI-STU-20250321-001,Werkstudent Machine Learning,Werkstudent,Stuttgart,1,Core Analytics & Student Entry,7,0.61
SS-BER-20250117-001,Praktikant Data Analyst,Praktikum,Berlin,1,Core Analytics & Student Entry,8,0.61
LI-BER-20250120-001,Praktikant Analytics,Praktikum,Berlin,1,Core Analytics & Student Entry,8,0.61
SS-MUN-20240824-001,Business Intelligence Analyst,Full-time,Munich,4,Enterprise BI & Reporting,6,0.61
LI-HAM-20250220-001,Werkstudent Machine Learning,Werkstudent,Hamburg,1,Core Analytics & Student Entry,5,0.61
SS-ESS-20240710-001,Data Scientist,Full-time,Essen,4,Enterprise BI & Reporting,9,0.61
SS-OTH-20240714-001,Contract ML Engineer,Freelance/Contract,Other,2,Cloud Data Engineering,12,0.61
IND-BER-20240925-001,Praktikant Data Science,Praktikum,Berlin,1,Core Analytics & Student Entry,8,0.61
LI-OTH-20250121-001,Werkstudent Data Science,Werkstudent,Other,4,Enterprise BI & Reporting,9,0.61
LI-MUN-20240422-001,Analytics Engineer,Full-time,Munich,2,Cloud Data Engineering,11,0.61
SS-BER-20240528-001,Senior Data Engineer,Full-time,Berlin,4,Enterprise BI & Reporting,6,0.61
SS-BER-20240112-001,Data Scientist,Full-time,Berlin,4,Enterprise BI & Reporting,10,0.61
SS-FRA-20241026-001,Freelance Data Engineer,Freelance/Contract,Frankfurt,4,Enterprise BI & Reporting,7,0.61
SS-OTH-20240807-001,Werkstudent Machine Learning,Werkstudent,Other,1,Core Analytics & Student Entry,9,0.61
SS-BER-20250113-001,Werkstudent Data Analytics,Werkstudent,Berlin,1,Core Analytics & Student Entry,4,0.61
LI-BER-20240809-001,Senior Data Engineer,Full-time,Berlin,1,Core Analytics & Student Entry,8,0.61
SS-FRA-20240721-001,BI Engineer,Full-time,Frankfurt,3,ML & Research,9,0.61
SS-DOR-20240822-001,Werkstudent Data Engineering,Werkstudent,Dortmund,1,Core Analytics & Student Entry,8,0.61
IND-STU-20250116-002,Senior Data Analyst,Full-time,Stuttgart,3,ML & Research,9,0.61
LI-DOR-20240424-001,Data Analyst,Full-time,Dortmund,2,Cloud Data Engineering,13,0.61
IND-ESS-20240105-001,Data Engineer,Full-time,Essen,2,Cloud Data Engineering,11,0.61
LI-FRA-20240105-001,Data Architect,Full-time,Frankfurt,2,Cloud Data Engineering,10,0.61
SS-OTH-20240620-002,Analytics Engineer,Full-time,Other,4,Enterprise BI & Reporting,9,0.61
IND-OTH-20240524-001,Werkstudent Data Analytics,Werkstudent,Other,1,Core Analytics & Student Entry,8,0.61
SS-BER-20240303-001,Senior Data Engineer,Full-time,Berlin,2,Cloud Data Engineering,13,0.61
SS-MUN-20241013-001,Werkstudent Machine Learning,Werkstudent,Munich,1,Core Analytics & Student Entry,6,0.61
LI-MUN-20240308-001,ML Engineer,Full-time,Munich,2,Cloud Data Engineering,10,0.61
IND-NUR-20240202-001,Analytics Engineer,Full-time,Nuremberg,4,Enterprise BI & Reporting,8,0.61
SS-BER-20240625-001,Praktikant Analytics,Praktikum,Berlin,3,ML & Research,14,0.61
LI-HAM-20240510-001,Senior Data Engineer,Full-time,Hamburg,4,Enterprise BI & Reporting,8,0.61
LI-MUN-20240422-002,ML Engineer,Full-time,Munich,3,ML & Research,9,0.61
LI-LEI-20240831-001,Data Analyst,Full-time,Leipzig,2,Cloud Data Engineering,12,0.61
SS-MUN-20250325-002,Praktikant Data Science,Praktikum,Munich,1,Core Analytics & Student Entry,8,0.61
SS-BER-20240512-001,Freelance Data Engineer,Freelance/Contract,Berlin,2,Cloud Data Engineering,15,0.61
SS-HAM-20240826-001,Praktikant Business Intelligence,Praktikum,Hamburg,1,Core Analytics & Student Entry,9,0.61
IND-BER-20250101-001,Data Engineer,Full-time,Berlin,2,Cloud Data Engineering,14,0.61
IND-BER-20250110-001,Data Architect,Full-time,Berlin,1,Core Analytics & Student Entry,7,0.61
LI-DÜS-20240830-001,Freelance BI Consultant,Freelance/Contract,Düsseldorf,1,Core Analytics & Student Entry,8,0.61
LI-HAM-20240611-001,Analytics Engineer,Full-time,Hamburg,1,Core Analytics & Student Entry,9,0.61
LI-ESS-20240822-001,Werkstudent BI,Werkstudent,Essen,1,Core Analytics & Student Entry,6,0.61
LI-NUR-20250329-001,Data Architect,Full-time,Nuremberg,2,Cloud Data Engineering,16,0.61
SS-MUN-20240123-002,Data Engineer,Full-time,Munich,2,Cloud Data Engineering,15,0.61
IND-MUN-20240513-001,Senior Data Analyst,Full-time,Munich,3,ML & Research,11,0.61
IND-COL-20250129-001,Werkstudent Data Engineering,Werkstudent,Cologne,4,Enterprise BI & Reporting,8,0.61
IND-HAM-20240829-001,BI Engineer,Full-time,Hamburg,2,Cloud Data Engineering,12,0.61
LI-DOR-20240108-001,Senior Data Engineer,Full-time,Dortmund,3,ML & Research,11,0.61
IND-MUN-20240512-001,Werkstudent Data Science,Werkstudent,Munich,2,Cloud Data Engineering,14,0.61
SS-HAM-20240307-001,Senior Data Engineer,Full-time,Hamburg,4,Enterprise BI & Reporting,7,0.61
SS-FRA-20241222-002,Data Architect,Full-time,Frankfurt,2,Cloud Data Engineering,13,0.61
IND-BER-20250217-001,Contract Data Analyst,Freelance/Contract,Berlin,2,Cloud Data Engineering,13,0.61
SS-BER-20250316-001,Contract ML Engineer,Freelance/Contract,Berlin,4,Enterprise BI & Reporting,11,0.61
IND-BER-20250109-001,Werkstudent Data Analytics,Werkstudent,Berlin,4,Enterprise BI & Reporting,10,0.61
LI-MUN-20240212-002,Data Scientist,Full-time,Munich,3,ML & Research,9,0.61
LI-BER-20250211-001,Data Scientist,Full-time,Berlin,2,Cloud Data Engineering,14,0.61
IND-FRA-20240712-001,Senior Data Engineer,Full-time,Frankfurt,4,Enterprise BI & Reporting,7,0.61
SS-COL-20240727-001,Werkstudent Machine Learning,Werkstudent,Cologne,2,Cloud Data Engineering,13,0.61
SS-BER-20240322-001,Werkstudent BI,Werkstudent,Berlin,1,Core Analytics & Student Entry,6,0.61
SS-OTH-20240925-001,BI Engineer,Full-time,Other,2,Cloud Data Engineering,10,0.61
SS-HAM-20241221-001,Analytics Engineer,Full-time,Hamburg,2,Cloud Data Engineering,9,0.61
SS-MUN-20241101-002,Data Scientist,Full-time,Munich,1,Core Analytics & Student Entry,7,0.61
LI-BER-20241218-001,Data Architect,Full-time,Berlin,2,Cloud Data Engineering,8,0.61
SS-FRA-20250331-001,Data Scientist,Full-time,Frankfurt,3,ML & Research,14,0.61
IND-BER-20240424-002,BI Engineer,Full-time,Berlin,4,Enterprise BI & Reporting,7,0.61
IND-ESS-20240512-001,Data Architect,Full-time,Essen,1,Core Analytics & Student Entry,8,0.61
SS-MUN-20240525-001,Data Scientist,Full-time,Munich,4,Enterprise BI & Reporting,6,0.61
IND-ESS-20240116-001,Data Scientist,Full-time,Essen,1,Core Analytics & Student Entry,6,0.61
IND-DÜS-20240818-001,Senior Data Engineer,Full-time,Düsseldorf,4,Enterprise BI & Reporting,7,0.61
SS-DÜS-20240320-001,Data Analyst,Full-time,Düsseldorf,2,Cloud Data Engineering,14,0.61
LI-MUN-20240508-001,BI Engineer,Full-time,Munich,1,Core Analytics & Student Entry,7,0.61
SS-ESS-20240923-001,Data Scientist,Full-time,Essen,3,ML & Research,15,0.61
IND-BER-20241024-001,ML Engineer,Full-time,Berlin,1,Core Analytics & Student Entry,9,0.61
IND-MUN-20241109-001,Senior Data Analyst,Full-time,Munich,2,Cloud Data Engineering,16,0.61
SS-HAM-20240204-001,BI Engineer,Full-time,Hamburg,2,Cloud Data Engineering,13,0.61
SS-FRA-20240123-001,Analytics Engineer,Full-time,Frankfurt,3,ML & Research,12,0.61
LI-MUN-20240127-001,Senior Data Analyst,Full-time,Munich,3,ML & Research,14,0.61
IND-BER-20241012-001,Werkstudent BI,Werkstudent,Berlin,4,Enterprise BI & Reporting,6,0.61
IND-BER-20250121-001,Freelance Data Engineer,Freelance/Contract,Berlin,1,Core Analytics & Student Entry,7,0.61
SS-FRA-20241029-001,Data Analyst,Full-time,Frankfurt,4,Enterprise BI & Reporting,8,0.61
LI-HAM-20240525-001,Praktikant Analytics,Praktikum,Hamburg,1,Core Analytics & Student Entry,9,0.61
LI-MUN-20240211-002,Werkstudent Machine Learning,Werkstudent,Munich,1,Core Analytics & Student Entry,6,0.61
LI-MUN-20240513-001,Analytics Engineer,Full-time,Munich,2,Cloud Data Engineering,12,0.61
IND-MUN-20240915-001,Business Intelligence Analyst,Full-time,Munich,3,ML & Research,9,0.61
IND-BER-20250319-001,Praktikant Data Analyst,Praktikum,Berlin,1,Core Analytics & Student Entry,7,0.61
IND-DOR-20241230-001,Data Scientist,Full-time,Dortmund,4,Enterprise BI & Reporting,7,0.61
SS-COL-20241228-001,Analytics Engineer,Full-time,Cologne,2,Cloud Data Engineering,8,0.61
SS-HAM-20240122-001,Business Intelligence Analyst,Full-time,Hamburg,2,Cloud Data Engineering,12,0.61
SS-COL-20240224-001,Freelance Data Engineer,Freelance/Contract,Cologne,2,Cloud Data Engineering,13,0.61
IND-FRA-20240726-001,Senior Data Analyst,Full-time,Frankfurt,2,Cloud Data Engineering,11,0.61
IND-MUN-20250330-001,Werkstudent Data Engineering,Werkstudent,Munich,1,Core Analytics & Student Entry,7,0.61
IND-BER-20241201-001,Werkstudent Data Engineering,Werkstudent,Berlin,1,Core Analytics & Student Entry,6,0.61
LI-OTH-20241026-001,Business Intelligence Analyst,Full-time,Other,1,Core Analytics & Student Entry,7,0.61
SS-HAM-20250120-001,Werkstudent Data Analytics,Werkstudent,Hamburg,2,Cloud Data Engineering,13,0.61
SS-HAM-20240116-001,Data Scientist,Full-time,Hamburg,2,Cloud Data Engineering,10,0.61
SS-FRA-20240119-003,Praktikant Analytics,Praktikum,Frankfurt,1,Core Analytics & Student Entry,9,0.61
SS-OTH-20240124-001,Data Architect,Full-time,Other,3,ML & Research,7,0.61
SS-DÜS-20240115-001,Praktikant Business Intelligence,Praktikum,Düsseldorf,2,Cloud Data Engineering,12,0.61
SS-STU-20241106-001,Praktikant Data Science,Praktikum,Stuttgart,1,Core Analytics & Student Entry,6,0.61
IND-HAM-20240106-001,Werkstudent Data Engineering,Werkstudent,Hamburg,1,Core Analytics & Student Entry,5,0.61
SS-MUN-20240604-001,Data Analyst,Full-time,Munich,3,ML & Research,9,0.61
LI-MUN-20240616-001,BI Engineer,Full-time,Munich,3,ML & Research,10,0.61
SS-BER-20240426-001,Werkstudent Data Analytics,Werkstudent,Berlin,1,Core Analytics & Student Entry,7,0.61
SS-HAM-20240522-001,Senior Data Engineer,Full-time,Hamburg,3,ML & Research,13,0.61
IND-FRA-20240930-001,Werkstudent Machine Learning,Werkstudent,Frankfurt,1,Core Analytics & Student Entry,8,0.61
SS-MUN-20240301-001,Data Engineer,Full-time,Munich,3,ML & Research,15,0.61
LI-BER-20240826-002,Analytics Engineer,Full-time,Berlin,2,Cloud Data Engineering,15,0.61
IND-LEI-20240911-001,Praktikant Data Analyst,Praktikum,Leipzig,1,Core Analytics & Student Entry,10,0.61
SS-BER-20240201-001,Data Scientist,Full-time,Berlin,2,Cloud Data Engineering,12,0.61
SS-BER-20240908-002,BI Engineer,Full-time,Berlin,2,Cloud Data Engineering,12,0.61
SS-OTH-20240130-001,Praktikant Data Science,Praktikum,Other,3,ML & Research,12,0.61
IND-HAM-20240508-001,Contract Data Analyst,Freelance/Contract,Hamburg,4,Enterprise BI & Reporting,8,0.61
SS-MUN-20240119-001,Praktikant Data Analyst,Praktikum,Munich,1,Core Analytics & Student Entry,4,0.61
LI-OTH-20241029-001,ML Engineer,Full-time,Other,3,ML & Research,13,0.61
IND-NUR-20240122-001,Werkstudent BI,Werkstudent,Nuremberg,1,Core Analytics & Student Entry,6,0.61
SS-BER-20240224-002,Praktikant Data Science,Praktikum,Berlin,1,Core Analytics & Student Entry,9,0.61
SS-OTH-20240605-001,Data Scientist,Full-time,Other,1,Core Analytics & Student Entry,8,0.61
LI-MUN-20240930-002,Contract ML Engineer,Freelance/Contract,Munich,4,Enterprise BI & Reporting,8,0.61
LI-OTH-20240929-001,Senior Data Analyst,Full-time,Other,3,ML & Research,12,0.61
SS-BER-20240101-002,ML Engineer,Full-time,Berlin,3,ML & Research,11,0.61
IND-BER-20241122-001,BI Engineer,Full-time,Berlin,2,Cloud Data Engineering,11,0.61
IND-BER-20240505-001,Data Analyst,Full-time,Berlin,1,Core Analytics & Student Entry,9,0.61
LI-BER-20240411-001,ML Engineer,Full-time,Berlin,2,Cloud Data Engineering,13,0.61
SS-HAM-20240620-001,Analytics Engineer,Full-time,Hamburg,2,Cloud Data Engineering,8,0.61
LI-HAM-20240423-001,Praktikant Business Intelligence,Praktikum,Hamburg,1,Core Analytics & Student Entry,8,0.61
SS-FRA-20241203-001,BI Engineer,Full-time,Frankfurt,3,ML & Research,14,0.61
LI-DOR-20241112-001,Werkstudent BI,Werkstudent,Dortmund,1,Core Analytics & Student Entry,9,0.61
LI-OTH-20240323-001,Praktikant Data Science,Praktikum,Other,2,Cloud Data Engineering,12,0.61
LI-COL-20240722-001,Werkstudent Data Analytics,Werkstudent,Cologne,3,ML & Research,12,0.61
LI-BER-20241115-001,Praktikant Analytics,Praktikum,Berlin,1,Core Analytics & Student Entry,8,0.61
SS-FRA-20240701-001,Praktikant Analytics,Praktikum,Frankfurt,1,Core Analytics & Student Entry,7,0.61
LI-BER-20240823-002,BI Engineer,Full-time,Berlin,3,ML & Research,13,0.61
SS-MUN-20241007-001,BI Engineer,Full-time,Munich,3,ML & Research,12,0.61
IND-BER-20250324-002,Werkstudent BI,Werkstudent,Berlin,1,Core Analytics & Student Entry,12,0.61
SS-LEI-20240619-001,Data Architect,Full-time,Leipzig,3,ML & Research,8,0.61
SS-FRA-20240706-001,Senior Data Engineer,Full-time,Frankfurt,1,Core Analytics & Student Entry,6,0.61
LI-FRA-20240614-001,Senior Data Analyst,Full-time,Frankfurt,2,Cloud Data Engineering,12,0.61
IND-LEI-20240705-001,Praktikant Analytics,Praktikum,Leipzig,1,Core Analytics & Student Entry,8,0.61
IND-COL-20240803-001,Freelance Data Engineer,Freelance/Contract,Cologne,4,Enterprise BI & Reporting,10,0.61
IND-HAM-20240213-001,Praktikant Data Science,Praktikum,Hamburg,1,Core Analytics & Student Entry,8,0.61
SS-HAM-20240616-001,Contract Data Analyst,Freelance/Contract,Hamburg,2,Cloud Data Engineering,9,0.61
LI-DOR-20250113-001,Data Analyst,Full-time,Dortmund,3,ML & Research,11,0.61
SS-HAM-20250319-003,Analytics Engineer,Full-time,Hamburg,2,Cloud Data Engineering,12,0.61
SS-MUN-20240522-001,Data Analyst,Full-time,Munich,2,Cloud Data Engineering,13,0.61
IND-BER-20240707-001,Contract ML Engineer,Freelance/Contract,Berlin,2,Cloud Data Engineering,11,0.61
SS-BER-20250214-003,Freelance BI Consultant,Freelance/Contract,Berlin,4,Enterprise BI & Reporting,7,0.61
IND-BER-20250125-001,Data Architect,Full-time,Berlin,2,Cloud Data Engineering,13,0.61
IND-DOR-20240820-001,Senior Data Engineer,Full-time,Dortmund,2,Cloud Data Engineering,8,0.61
LI-BER-20240525-002,Business Intelligence Analyst,Full-time,Berlin,4,Enterprise BI & Reporting,11,0.61
SS-MUN-20240505-001,Data Architect,Full-time,Munich,3,ML & Research,12,0.61
LI-LEI-20240919-001,Business Intelligence Analyst,Full-time,Leipzig,3,ML & Research,11,0.61
SS-BER-20240608-001,Praktikant Business Intelligence,Praktikum,Berlin,1,Core Analytics & Student Entry,8,0.61
LI-HAM-20240613-001,Werkstudent BI,Werkstudent,Hamburg,1,Core Analytics & Student Entry,6,0.61
LI-MUN-20250301-001,Data Engineer,Full-time,Munich,4,Enterprise BI & Reporting,9,0.61
SS-DÜS-20250201-001,ML Engineer,Full-time,Düsseldorf,2,Cloud Data Engineering,17,0.61
IND-MUN-20250312-001,Senior Data Engineer,Full-time,Munich,2,Cloud Data Engineering,12,0.61
SS-BER-20250328-001,Werkstudent Machine Learning,Werkstudent,Berlin,3,ML & Research,10,0.61
IND-MUN-20240528-001,Senior Data Analyst,Full-time,Munich,2,Cloud Data Engineering,13,0.61
SS-DOR-20250126-001,Data Engineer,Full-time,Dortmund,2,Cloud Data Engineering,12,0.61
SS-FRA-20240817-001,Praktikant Business Intelligence,Praktikum,Frankfurt,1,Core Analytics & Student Entry,6,0.61
LI-FRA-20250318-001,Praktikant Data Science,Praktikum,Frankfurt,1,Core Analytics & Student Entry,8,0.61
LI-HAM-20240723-001,Data Engineer,Full-time,Hamburg,2,Cloud Data Engineering,13,0.61
SS-DOR-20250112-001,Data Analyst,Full-time,Dortmund,3,ML & Research,11,0.61
SS-MUN-20241114-001,Data Analyst,Full-time,Munich,3,ML & Research,15,0.61
SS-FRA-20240901-001,Senior Data Engineer,Full-time,Frankfurt,2,Cloud Data Engineering,13,0.61
SS-NUR-20240815-001,Werkstudent Data Analytics,Werkstudent,Nuremberg,1,Core Analytics & Student Entry,6,0.61
IND-BER-20240324-001,Freelance Data Engineer,Freelance/Contract,Berlin,2,Cloud Data Engineering,13,0.61
SS-HAM-20250320-001,Praktikant Business Intelligence,Praktikum,Hamburg,1,Core Analytics & Student Entry,10,0.61
SS-MUN-20240614-001,Data Analyst,Full-time,Munich,3,ML & Research,13,0.61
IND-HAM-20240417-001,Praktikant Data Analyst,Praktikum,Hamburg,1,Core Analytics & Student Entry,5,0.61
IND-HAM-20240527-001,Contract ML Engineer,Freelance/Contract,Hamburg,1,Core Analytics & Student Entry,8,0.61
IND-OTH-20241111-001,Data Analyst,Full-time,Other,1,Core Analytics & Student Entry,6,0.61
SS-LEI-20250118-001,Senior Data Engineer,Full-time,Leipzig,3,ML & Research,10,0.61
IND-ESS-20240724-001,Werkstudent BI,Werkstudent,Essen,1,Core Analytics & Student Entry,9,0.61
IND-COL-20250206-001,Freelance BI Consultant,Freelance/Contract,Cologne,1,Core Analytics & Student Entry,7,0.61
LI-STU-20250129-001,Praktikant Analytics,Praktikum,Stuttgart,1,Core Analytics & Student Entry,9,0.61
SS-BER-20240218-002,BI Engineer,Full-time,Berlin,3,ML & Research,13,0.61
IND-BER-20240529-001,Data Scientist,Full-time,Berlin,2,Cloud Data Engineering,11,0.61
LI-BER-20240123-001,Praktikant Data Science,Praktikum,Berlin,1,Core Analytics & Student Entry,7,0.61
SS-HAM-20241124-001,Freelance BI Consultant,Freelance/Contract,Hamburg,4,Enterprise BI & Reporting,8,0.61
SS-MUN-20240304-001,Werkstudent BI,Werkstudent,Munich,1,Core Analytics & Student Entry,8,0.61
LI-OTH-20241226-001,Praktikant Data Science,Praktikum,Other,1,Core Analytics & Student Entry,7,0.61
SS-BER-20240802-001,Werkstudent Data Science,Werkstudent,Berlin,1,Core Analytics & Student Entry,6,0.61
LI-BER-20241031-002,Freelance BI Consultant,Freelance/Contract,Berlin,4,Enterprise BI & Reporting,6,0.61
IND-BER-20240405-001,Senior Data Engineer,Full-time,Berlin,2,Cloud Data Engineering,11,0.61
IND-BER-20240809-001,Werkstudent Data Engineering,Werkstudent,Berlin,1,Core Analytics & Student Entry,6,0.61
SS-BER-20250111-001,Praktikant Data Analyst,Praktikum,Berlin,1,Core Analytics & Student Entry,8,0.61
IND-BER-20240623-002,Werkstudent Data Engineering,Werkstudent,Berlin,1,Core Analytics & Student Entry,7,0.61
LI-BER-20250113-001,Data Engineer,Full-time,Berlin,2,Cloud Data Engineering,13,0.61
SS-BER-20240916-001,Data Analyst,Full-time,Berlin,4,Enterprise BI & Reporting,7,0.61
SS-ESS-20241104-001,Werkstudent BI,Werkstudent,Essen,1,Core Analytics & Student Entry,11,0.61
IND-COL-20250212-001,Data Analyst,Full-time,Cologne,3,ML & Research,11,0.61
SS-MUN-20241230-001,Data Analyst,Full-time,Munich,3,ML & Research,12,0.61
LI-LEI-20240724-001,Werkstudent Data Engineering,Werkstudent,Leipzig,1,Core Analytics & Student Entry,8,0.61
IND-FRA-20250108-001,Werkstudent Data Engineering,Werkstudent,Frankfurt,3,ML & Research,12,0.61
IND-FRA-20241128-001,Data Architect,Full-time,Frankfurt,2,Cloud Data Engineering,13,0.61
SS-HAM-20241025-001,Praktikant Business Intelligence,Praktikum,Hamburg,1,Core Analytics & Student Entry,8,0.61
SS-COL-20240427-001,Praktikant Business Intelligence,Praktikum,Cologne,1,Core Analytics & Student Entry,10,0.61
IND-BER-20240229-001,Data Engineer,Full-time,Berlin,2,Cloud Data Engineering,16,0.61
SS-MUN-20240723-001,Werkstudent Data Science,Werkstudent,Munich,1,Core Analytics & Student Entry,8,0.61
SS-ESS-20241015-001,Werkstudent Data Analytics,Werkstudent,Essen,1,Core Analytics & Student Entry,9,0.61
SS-LEI-20240810-001,Senior Data Analyst,Full-time,Leipzig,2,Cloud Data Engineering,13,0.61
IND-OTH-20240403-001,Data Scientist,Full-time,Other,2,Cloud Data Engineering,10,0.61
IND-FRA-20241122-001,Praktikant Analytics,Praktikum,Frankfurt,2,Cloud Data Engineering,11,0.61
SS-HAM-20241204-003,Analytics Engineer,Full-time,Hamburg,2,Cloud Data Engineering,11,0.61
SS-COL-20240421-001,Data Engineer,Full-time,Cologne,3,ML & Research,10,0.61
IND-BER-20240402-001,ML Engineer,Full-time,Berlin,3,ML & Research,15,0.61
IND-BER-20240112-001,Praktikant Business Intelligence,Praktikum,Berlin,1,Core Analytics & Student Entry,9,0.61
IND-HAM-20240119-001,Praktikant Business Intelligence,Praktikum,Hamburg,1,Core Analytics & Student Entry,7,0.61
LI-FRA-20240101-001,Praktikant Analytics,Praktikum,Frankfurt,1,Core Analytics & Student Entry,9,0.61
SS-NUR-20250308-001,Data Architect,Full-time,Nuremberg,2,Cloud Data Engineering,13,0.61
SS-HAM-20240203-001,Praktikant Business Intelligence,Praktikum,Hamburg,1,Core Analytics & Student Entry,7,0.61
SS-HAM-20250123-001,Werkstudent Machine Learning,Werkstudent,Hamburg,3,ML & Research,13,0.61
LI-OTH-20240927-001,Data Scientist,Full-time,Other,3,ML & Research,16,0.61
LI-FRA-20241129-001,Werkstudent Data Engineering,Werkstudent,Frankfurt,1,Core Analytics & Student Entry,6,0.61
IND-LEI-20240114-001,Senior Data Engineer,Full-time,Leipzig,3,ML & Research,12,0.61
IND-HAM-20240518-001,Data Engineer,Full-time,Hamburg,2,Cloud Data Engineering,11,0.61
SS-BER-20241111-002,Senior Data Engineer,Full-time,Berlin,4,Enterprise BI & Reporting,7,0.61
SS-BER-20240925-001,Data Engineer,Full-time,Berlin,2,Cloud Data Engineering,14,0.61
IND-BER-20240302-001,Data Architect,Full-time,Berlin,1,Core Analytics & Student Entry,8,0.61
IND-NUR-20240208-001,Senior Data Analyst,Full-time,Nuremberg,1,Core Analytics & Student Entry,12,0.61
SS-MUN-20241008-001,Business Intelligence Analyst,Full-time,Munich,4,Enterprise BI & Reporting,8,0.61
IND-MUN-20240627-001,Werkstudent BI,Werkstudent,Munich,4,Enterprise BI & Reporting,10,0.61
LI-HAM-20250203-001,Data Analyst,Full-time,Hamburg,2,Cloud Data Engineering,10,0.61
LI-BER-20241209-001,Analytics Engineer,Full-time,Berlin,2,Cloud Data Engineering,14,0.61
LI-MUN-20240518-001,ML Engineer,Full-time,Munich,3,ML & Research,10,0.61
IND-COL-20240709-002,Data Architect,Full-time,Cologne,2,Cloud Data Engineering,14,0.61
LI-COL-20241109-001,Werkstudent Data Science,Werkstudent,Cologne,1,Core Analytics & Student Entry,6,0.61
SS-COL-20241218-001,Analytics Engineer,Full-time,Cologne,2,Cloud Data Engineering,10,0.61
IND-MUN-20250219-002,Data Engineer,Full-time,Munich,4,Enterprise BI & Reporting,8,0.61
LI-ESS-20240410-001,Freelance Data Engineer,Freelance/Contract,Essen,4,Enterprise BI & Reporting,8,0.61
SS-MUN-20241117-001,Werkstudent BI,Werkstudent,Munich,3,ML & Research,14,0.61
SS-MUN-20240501-001,Data Engineer,Full-time,Munich,3,ML & Research,14,0.61
SS-LEI-20241218-001,Data Analyst,Full-time,Leipzig,2,Cloud Data Engineering,13,0.61
SS-HAM-20240430-003,Data Engineer,Full-time,Hamburg,1,Core Analytics & Student Entry,6,0.61
SS-OTH-20240218-001,Senior Data Engineer,Full-time,Other,2,Cloud Data Engineering,14,0.61
SS-BER-20241116-001,Praktikant Data Science,Praktikum,Berlin,1,Core Analytics & Student Entry,7,0.61
IND-MUN-20240731-001,Werkstudent Data Engineering,Werkstudent,Munich,1,Core Analytics & Student Entry,8,0.61
SS-HAM-20241029-001,Praktikant Data Analyst,Praktikum,Hamburg,1,Core Analytics & Student Entry,10,0.61
SS-STU-20240210-001,Werkstudent BI,Werkstudent,Stuttgart,1,Core Analytics & Student Entry,8,0.61
LI-COL-20240730-001,Analytics Engineer,Full-time,Cologne,3,ML & Research,11,0.61
IND-OTH-20241219-001,Data Architect,Full-time,Other,1,Core Analytics & Student Entry,8,0.61
SS-MUN-20240712-001,Freelance Data Engineer,Freelance/Contract,Munich,2,Cloud Data Engineering,11,0.61
SS-DOR-20240210-001,Senior Data Engineer,Full-time,Dortmund,3,ML & Research,16,0.61
SS-BER-20240203-001,Data Analyst,Full-time,Berlin,2,Cloud Data Engineering,10,0.61
LI-MUN-20250214-002,Freelance Data Engineer,Freelance/Contract,Munich,4,Enterprise BI & Reporting,8,0.61
LI-COL-20241105-001,Praktikant Data Analyst,Praktikum,Cologne,1,Core Analytics & Student Entry,7,0.61
SS-OTH-20241211-001,ML Engineer,Full-time,Other,3,ML & Research,7,0.61
SS-HAM-20241022-002,Praktikant Analytics,Praktikum,Hamburg,1,Core Analytics & Student Entry,9,0.61
IND-MUN-20241129-001,Data Engineer,Full-time,Munich,2,Cloud Data Engineering,11,0.61
IND-LEI-20250101-001,BI Engineer,Full-time,Leipzig,2,Cloud Data Engineering,11,0.61
IND-FRA-20241014-001,Data Architect,Full-time,Frankfurt,3,ML & Research,16,0.61
IND-BER-20241124-001,Data Analyst,Full-time,Berlin,2,Cloud Data Engineering,11,0.61
LI-OTH-20240513-001,Werkstudent BI,Werkstudent,Other,1,Core Analytics & Student Entry,6,0.61
IND-MUN-20240209-001,Analytics Engineer,Full-time,Munich,1,Core Analytics & Student Entry,6,0.61
SS-MUN-20240312-001,Data Scientist,Full-time,Munich,3,ML & Research,8,0.61
LI-BER-20250208-001,Freelance BI Consultant,Freelance/Contract,Berlin,2,Cloud Data Engineering,17,0.61
SS-ESS-20240308-001,Werkstudent Data Science,Werkstudent,Essen,2,Cloud Data Engineering,12,0.61
IND-HAM-20250324-001,Data Analyst,Full-time,Hamburg,2,Cloud Data Engineering,12,0.61
SS-FRA-20250126-001,Werkstudent Data Analytics,Werkstudent,Frankfurt,1,Core Analytics & Student Entry,8,0.61
IND-MUN-20240120-001,BI Engineer,Full-time,Munich,1,Core Analytics & Student Entry,7,0.61
IND-OTH-20241002-001,Data Scientist,Full-time,Other,2,Cloud Data Engineering,8,0.61
LI-STU-20240724-001,Praktikant Analytics,Praktikum,Stuttgart,1,Core Analytics & Student Entry,9,0.61
LI-MUN-20240502-001,Contract Data Analyst,Freelance/Contract,Munich,2,Cloud Data Engineering,15,0.61
IND-HAM-20240619-003,Analytics Engineer,Full-time,Hamburg,3,ML & Research,11,0.61
SS-OTH-20250218-002,Business Intelligence Analyst,Full-time,Other,3,ML & Research,14,0.61
SS-OTH-20240824-001,Werkstudent Data Science,Werkstudent,Other,1,Core Analytics & Student Entry,8,0.61
SS-MUN-20241020-002,Freelance BI Consultant,Freelance/Contract,Munich,2,Cloud Data Engineering,13,0.61
SS-FRA-20240915-002,Werkstudent Data Engineering,Werkstudent,Frankfurt,3,ML & Research,11,0.61
SS-MUN-20240408-002,Werkstudent Data Science,Werkstudent,Munich,1,Core Analytics & Student Entry,7,0.61
LI-HAM-20240204-001,Praktikant Data Analyst,Praktikum,Hamburg,1,Core Analytics & Student Entry,8,0.61
SS-FRA-20240727-003,Praktikant Data Science,Praktikum,Frankfurt,4,Enterprise BI & Reporting,9,0.61
IND-MUN-20241205-001,Werkstudent BI,Werkstudent,Munich,1,Core Analytics & Student Entry,10,0.61
LI-HAM-20240422-001,Werkstudent Data Science,Werkstudent,Hamburg,1,Core Analytics & Student Entry,5,0.61
IND-BER-20240803-001,Data Engineer,Full-time,Berlin,2,Cloud Data Engineering,12,0.61
IND-OTH-20240801-001,Senior Data Analyst,Full-time,Other,1,Core Analytics & Student Entry,8,0.61
IND-BER-20240501-001,Werkstudent Data Engineering,Werkstudent,Berlin,2,Cloud Data Engineering,11,0.61
LI-BER-20240227-001,Werkstudent Data Analytics,Werkstudent,Berlin,4,Enterprise BI & Reporting,8,0.61
SS-OTH-20240211-001,Freelance Data Engineer,Freelance/Contract,Other,1,Core Analytics & Student Entry,5,0.61
SS-MUN-20240331-001,Data Architect,Full-time,Munich,2,Cloud Data Engineering,15,0.61
LI-STU-20240522-001,Contract ML Engineer,Freelance/Contract,Stuttgart,1,Core Analytics & Student Entry,5,0.61
IND-HAM-20250326-001,Werkstudent Machine Learning,Werkstudent,Hamburg,2,Cloud Data Engineering,14,0.61
SS-STU-20250128-001,Werkstudent Data Science,Werkstudent,Stuttgart,2,Cloud Data Engineering,16,0.61
IND-DOR-20240320-001,Praktikant Analytics,Praktikum,Dortmund,1,Core Analytics & Student Entry,10,0.61
LI-MUN-20240213-002,Analytics Engineer,Full-time,Munich,2,Cloud Data Engineering,10,0.61
SS-BER-20240502-002,Senior Data Analyst,Full-time,Berlin,3,ML & Research,12,0.61
LI-BER-20240320-001,Contract Data Analyst,Freelance/Contract,Berlin,2,Cloud Data Engineering,14,0.61
IND-MUN-20241217-002,Senior Data Analyst,Full-time,Munich,3,ML & Research,11,0.61
SS-NUR-20241009-001,Data Architect,Full-time,Nuremberg,2,Cloud Data Engineering,13,0.61
SS-BER-20241128-001,Data Architect,Full-time,Berlin,3,ML & Research,12,0.61
SS-FRA-20240815-001,Werkstudent Data Engineering,Werkstudent,Frankfurt,1,Core Analytics & Student Entry,5,0.61
IND-MUN-20240223-001,Business Intelligence Analyst,Full-time,Munich,2,Cloud Data Engineering,15,0.61
SS-BER-20241017-001,Werkstudent BI,Werkstudent,Berlin,1,Core Analytics & Student Entry,7,0.61
LI-OTH-20250214-001,Data Analyst,Full-time,Other,3,ML & Research,13,0.61
IND-HAM-20240725-001,Data Scientist,Full-time,Hamburg,3,ML & Research,14,0.61
LI-MUN-20241129-001,Praktikant Data Analyst,Praktikum,Munich,1,Core Analytics & Student Entry,8,0.61
IND-HAM-20241124-002,Data Architect,Full-time,Hamburg,2,Cloud Data Engineering,9,0.61
SS-ESS-20241024-002,Business Intelligence Analyst,Full-time,Essen,2,Cloud Data Engineering,13,0.61
LI-MUN-20240411-001,Senior Data Engineer,Full-time,Munich,4,Enterprise BI & Reporting,6,0.61
SS-DOR-20240524-001,Praktikant Analytics,Praktikum,Dortmund,1,Core Analytics & Student Entry,9,0.61
IND-ESS-20240326-001,Senior Data Analyst,Full-time,Essen,2,Cloud Data Engineering,10,0.61
LI-DÜS-20240406-001,Freelance Data Engineer,Freelance/Contract,Düsseldorf,1,Core Analytics & Student Entry,11,0.61
SS-OTH-20240627-001,Praktikant Data Science,Praktikum,Other,1,Core Analytics & Student Entry,7,0.61
SS-COL-20240620-001,Data Scientist,Full-time,Cologne,2,Cloud Data Engineering,13,0.61
IND-OTH-20240202-001,Praktikant Analytics,Praktikum,Other,1,Core Analytics & Student Entry,7,0.61
LI-COL-20241212-001,Analytics Engineer,Full-time,Cologne,3,ML & Research,12,0.61
IND-ESS-20240621-001,Senior Data Engineer,Full-time,Essen,1,Core Analytics & Student Entry,9,0.61
SS-DOR-20240707-001,Data Architect,Full-time,Dortmund,3,ML & Research,14,0.61
IND-FRA-20240719-001,Praktikant Data Analyst,Praktikum,Frankfurt,1,Core Analytics & Student Entry,5,0.61
SS-NUR-20250321-001,ML Engineer,Full-time,Nuremberg,4,Enterprise BI & Reporting,11,0.61
SS-HAM-20241210-001,Data Engineer,Full-time,Hamburg,1,Core Analytics & Student Entry,9,0.61
IND-MUN-20240421-002,Werkstudent BI,Werkstudent,Munich,1,Core Analytics & Student Entry,7,0.61
LI-FRA-20240416-001,Data Scientist,Full-time,Frankfurt,4,Enterprise BI & Reporting,8,0.61
SS-DÜS-20240316-001,Data Scientist,Full-time,Düsseldorf,3,ML & Research,14,0.61
IND-OTH-20241226-001,Werkstudent Data Analytics,Werkstudent,Other,1,Core Analytics & Student Entry,5,0.61
LI-ESS-20240906-001,Business Intelligence Analyst,Full-time,Essen,2,Cloud Data Engineering,15,0.61
IND-DÜS-20240610-001,Praktikant Data Analyst,Praktikum,Düsseldorf,1,Core Analytics & Student Entry,5,0.61
SS-DOR-20240530-001,Analytics Engineer,Full-time,Dortmund,3,ML & Research,8,0.61
IND-HAM-20250307-001,Contract Data Analyst,Freelance/Contract,Hamburg,4,Enterprise BI & Reporting,9,0.61
SS-BER-20240817-001,Werkstudent Machine Learning,Werkstudent,Berlin,1,Core Analytics & Student Entry,10,0.61
LI-FRA-20250213-001,Praktikant Analytics,Praktikum,Frankfurt,1,Core Analytics & Student Entry,8,0.61
LI-OTH-20240315-001,Business Intelligence Analyst,Full-time,Other,1,Core Analytics & Student Entry,6,0.61
IND-HAM-20240321-001,Praktikant Analytics,Praktikum,Hamburg,1,Core Analytics & Student Entry,6,0.61
SS-BER-20240605-001,Senior Data Analyst,Full-time,Berlin,4,Enterprise BI & Reporting,7,0.61
LI-BER-20241009-001,BI Engineer,Full-time,Berlin,3,ML & Research,8,0.61
LI-ESS-20240127-001,Praktikant Data Analyst,Praktikum,Essen,1,Core Analytics & Student Entry,6,0.61
LI-BER-20240827-001,ML Engineer,Full-time,Berlin,2,Cloud Data Engineering,10,0.61
LI-BER-20240723-001,Analytics Engineer,Full-time,Berlin,3,ML & Research,12,0.61
SS-DOR-20250202-001,BI Engineer,Full-time,Dortmund,2,Cloud Data Engineering,9,0.61
LI-BER-20240926-001,Senior Data Engineer,Full-time,Berlin,2,Cloud Data Engineering,12,0.61
IND-OTH-20240810-001,Data Engineer,Full-time,Other,1,Core Analytics & Student Entry,8,0.61
SS-HAM-20240328-001,Werkstudent Data Science,Werkstudent,Hamburg,1,Core Analytics & Student Entry,5,0.61
LI-HAM-20240306-001,Data Architect,Full-time,Hamburg,3,ML & Research,9,0.61
SS-DÜS-20240917-001,Data Architect,Full-time,Düsseldorf,3,ML & Research,9,0.61
SS-MUN-20240407-003,BI Engineer,Full-time,Munich,3,ML & Research,11,0.61
IND-ESS-20250101-001,BI Engineer,Full-time,Essen,1,Core Analytics & Student Entry,9,0.61
SS-DOR-20240314-001,Data Engineer,Full-time,Dortmund,1,Core Analytics & Student Entry,6,0.61
SS-HAM-20250208-001,Praktikant Data Analyst,Praktikum,Hamburg,1,Core Analytics & Student Entry,5,0.61
SS-LEI-20240608-001,Werkstudent Data Analytics,Werkstudent,Leipzig,1,Core Analytics & Student Entry,5,0.61
IND-ESS-20240525-001,Data Architect,Full-time,Essen,4,Enterprise BI & Reporting,9,0.61
LI-DOR-20241202-001,Werkstudent Data Science,Werkstudent,Dortmund,1,Core Analytics & Student Entry,9,0.61
IND-FRA-20240722-001,Analytics Engineer,Full-time,Frankfurt,3,ML & Research,9,0.61
IND-LEI-20240825-001,Praktikant Analytics,Praktikum,Leipzig,1,Core Analytics & Student Entry,10,0.61
SS-DÜS-20240515-002,Data Engineer,Full-time,Düsseldorf,2,Cloud Data Engineering,13,0.61
LI-OTH-20240418-001,Freelance Data Engineer,Freelance/Contract,Other,2,Cloud Data Engineering,12,0.61
SS-ESS-20240924-001,Analytics Engineer,Full-time,Essen,3,ML & Research,15,0.61
IND-MUN-20240521-001,Senior Data Engineer,Full-time,Munich,2,Cloud Data Engineering,14,0.61
LI-MUN-20250202-001,Contract ML Engineer,Freelance/Contract,Munich,2,Cloud Data Engineering,12,0.61
IND-DOR-20250102-001,Senior Data Analyst,Full-time,Dortmund,2,Cloud Data Engineering,18,0.61
SS-MUN-20240122-002,BI Engineer,Full-time,Munich,3,ML & Research,12,0.61
IND-DOR-20250219-001,Werkstudent Data Analytics,Werkstudent,Dortmund,1,Core Analytics & Student Entry,5,0.61
IND-MUN-20241231-001,Data Engineer,Full-time,Munich,2,Cloud Data Engineering,11,0.61
SS-BER-20240902-001,Analytics Engineer,Full-time,Berlin,3,ML & Research,11,0.61
LI-COL-20241027-001,Contract ML Engineer,Freelance/Contract,Cologne,2,Cloud Data Engineering,12,0.61
IND-FRA-20241206-001,Senior Data Engineer,Full-time,Frankfurt,2,Cloud Data Engineering,13,0.61
IND-OTH-20240518-001,Analytics Engineer,Full-time,Other,4,Enterprise BI & Reporting,8,0.61
SS-MUN-20240520-001,Data Analyst,Full-time,Munich,2,Cloud Data Engineering,13,0.61
IND-BER-20240114-002,BI Engineer,Full-time,Berlin,2,Cloud Data Engineering,12,0.61
IND-OTH-20240210-001,Senior Data Analyst,Full-time,Other,2,Cloud Data Engineering,11,0.61
SS-BER-20240422-001,Werkstudent BI,Werkstudent,Berlin,1,Core Analytics & Student Entry,4,0.61
SS-FRA-20240727-001,Praktikant Data Science,Praktikum,Frankfurt,1,Core Analytics & Student Entry,6,0.61
SS-MUN-20241112-001,Freelance Data Engineer,Freelance/Contract,Munich,2,Cloud Data Engineering,12,0.61
LI-BER-20240825-001,Werkstudent Data Engineering,Werkstudent,Berlin,1,Core Analytics & Student Entry,8,0.61
SS-DOR-20240210-002,Praktikant Analytics,Praktikum,Dortmund,4,Enterprise BI & Reporting,5,0.61
IND-MUN-20240527-001,Analytics Engineer,Full-time,Munich,1,Core Analytics & Student Entry,9,0.61
SS-NUR-20240309-001,Data Scientist,Full-time,Nuremberg,3,ML & Research,14,0.61
SS-COL-20240515-001,Praktikant Data Analyst,Praktikum,Cologne,1,Core Analytics & Student Entry,6,0.61
IND-FRA-20240810-001,BI Engineer,Full-time,Frankfurt,2,Cloud Data Engineering,12,0.61
LI-FRA-20240809-001,Werkstudent Machine Learning,Werkstudent,Frankfurt,1,Core Analytics & Student Entry,7,0.61
LI-DÜS-20240813-001,Senior Data Analyst,Full-time,Düsseldorf,2,Cloud Data Engineering,14,0.61
LI-HAM-20241202-001,Praktikant Data Analyst,Praktikum,Hamburg,1,Core Analytics & Student Entry,5,0.61
LI-OTH-20241124-001,Data Analyst,Full-time,Other,4,Enterprise BI & Reporting,7,0.61
SS-FRA-20240806-001,Senior Data Engineer,Full-time,Frankfurt,1,Core Analytics & Student Entry,8,0.61
IND-BER-20250307-001,Data Architect,Full-time,Berlin,1,Core Analytics & Student Entry,4,0.61
SS-COL-20240115-001,Praktikant Data Analyst,Praktikum,Cologne,4,Enterprise BI & Reporting,9,0.61
IND-BER-20240307-001,Werkstudent Data Analytics,Werkstudent,Berlin,4,Enterprise BI & Reporting,7,0.61
SS-MUN-20241124-001,Analytics Engineer,Full-time,Munich,1,Core Analytics & Student Entry,8,0.61
IND-FRA-20240410-001,Data Engineer,Full-time,Frankfurt,3,ML & Research,12,0.61
SS-STU-20250118-001,Business Intelligence Analyst,Full-time,Stuttgart,4,Enterprise BI & Reporting,7,0.61
LI-MUN-20241202-001,Business Intelligence Analyst,Full-time,Munich,2,Cloud Data Engineering,10,0.61
SS-FRA-20240517-001,Praktikant Data Science,Praktikum,Frankfurt,1,Core Analytics & Student Entry,4,0.61
IND-DÜS-20240425-001,Senior Data Analyst,Full-time,Düsseldorf,2,Cloud Data Engineering,16,0.61
SS-HAM-20250203-001,Data Architect,Full-time,Hamburg,4,Enterprise BI & Reporting,10,0.61
IND-BER-20240513-001,Senior Data Analyst,Full-time,Berlin,3,ML & Research,12,0.61
IND-FRA-20250328-001,BI Engineer,Full-time,Frankfurt,4,Enterprise BI & Reporting,6,0.61
SS-FRA-20240130-001,Data Architect,Full-time,Frankfurt,4,Enterprise BI & Reporting,9,0.61
LI-LEI-20241220-001,Data Architect,Full-time,Leipzig,2,Cloud Data Engineering,11,0.61
SS-BER-20240414-002,Data Engineer,Full-time,Berlin,3,ML & Research,13,0.61
SS-HAM-20250102-001,Werkstudent Data Analytics,Werkstudent,Hamburg,1,Core Analytics & Student Entry,7,0.61
IND-HAM-20240202-001,Data Engineer,Full-time,Hamburg,2,Cloud Data Engineering,14,0.61
IND-BER-20240509-001,Data Architect,Full-time,Berlin,2,Cloud Data Engineering,15,0.61
IND-BER-20240915-001,Analytics Engineer,Full-time,Berlin,2,Cloud Data Engineering,13,0.61
IND-ESS-20241014-001,Werkstudent Data Engineering,Werkstudent,Essen,1,Core Analytics & Student Entry,7,0.61
SS-BER-20240507-002,Data Scientist,Full-time,Berlin,2,Cloud Data Engineering,13,0.61
IND-MUN-20240611-001,Praktikant Business Intelligence,Praktikum,Munich,1,Core Analytics & Student Entry,5,0.61
LI-HAM-20250105-001,Data Engineer,Full-time,Hamburg,3,ML & Research,12,0.61
SS-BER-20240507-001,Praktikant Business Intelligence,Praktikum,Berlin,2,Cloud Data Engineering,12,0.61
LI-FRA-20250210-001,Senior Data Engineer,Full-time,Frankfurt,2,Cloud Data Engineering,14,0.61
LI-BER-20240706-001,Werkstudent Data Analytics,Werkstudent,Berlin,1,Core Analytics & Student Entry,6,0.61
SS-BER-20240129-001,Praktikant Analytics,Praktikum,Berlin,1,Core Analytics & Student Entry,12,0.61
SS-STU-20250228-001,ML Engineer,Full-time,Stuttgart,4,Enterprise BI & Reporting,10,0.61
IND-BER-20240314-001,Business Intelligence Analyst,Full-time,Berlin,2,Cloud Data Engineering,12,0.61
SS-HAM-20241215-002,Business Intelligence Analyst,Full-time,Hamburg,2,Cloud Data Engineering,8,0.61
IND-OTH-20240531-001,Data Analyst,Full-time,Other,1,Core Analytics & Student Entry,5,0.61
IND-ESS-20240820-001,Business Intelligence Analyst,Full-time,Essen,3,ML & Research,10,0.61
LI-ESS-20240423-002,Praktikant Analytics,Praktikum,Essen,2,Cloud Data Engineering,14,0.61
LI-OTH-20240627-001,Data Architect,Full-time,Other,2,Cloud Data Engineering,10,0.61
SS-BER-20240717-001,Senior Data Analyst,Full-time,Berlin,3,ML & Research,13,0.61
LI-DOR-20240511-001,Data Scientist,Full-time,Dortmund,4,Enterprise BI & Reporting,8,0.61
IND-BER-20240510-001,Analytics Engineer,Full-time,Berlin,2,Cloud Data Engineering,11,0.61
SS-BER-20250101-001,Werkstudent Machine Learning,Werkstudent,Berlin,4,Enterprise BI & Reporting,8,0.61
SS-ESS-20240528-001,Senior Data Engineer,Full-time,Essen,2,Cloud Data Engineering,12,0.61
LI-BER-20241024-001,Business Intelligence Analyst,Full-time,Berlin,1,Core Analytics & Student Entry,8,0.61
SS-STU-20250114-001,Werkstudent Data Science,Werkstudent,Stuttgart,1,Core Analytics & Student Entry,9,0.61
LI-HAM-20250326-001,Praktikant Data Analyst,Praktikum,Hamburg,1,Core Analytics & Student Entry,7,0.61
SS-OTH-20250123-001,Analytics Engineer,Full-time,Other,1,Core Analytics & Student Entry,7,0.61
LI-FRA-20240125-001,Werkstudent BI,Werkstudent,Frankfurt,1,Core Analytics & Student Entry,6,0.61
SS-HAM-20240117-001,Werkstudent Data Analytics,Werkstudent,Hamburg,1,Core Analytics & Student Entry,9,0.61
IND-FRA-20240807-001,Data Architect,Full-time,Frankfurt,2,Cloud Data Engineering,11,0.61
SS-BER-20240713-002,Senior Data Engineer,Full-time,Berlin,3,ML & Research,11,0.61
SS-DÜS-20250118-002,Senior Data Analyst,Full-time,Düsseldorf,3,ML & Research,13,0.61
LI-MUN-20240712-002,Werkstudent Data Analytics,Werkstudent,Munich,1,Core Analytics & Student Entry,9,0.61
IND-BER-20240515-002,Senior Data Analyst,Full-time,Berlin,3,ML & Research,10,0.61
IND-NUR-20240227-001,BI Engineer,Full-time,Nuremberg,3,ML & Research,10,0.61
SS-BER-20240205-003,Data Engineer,Full-time,Berlin,4,Enterprise BI & Reporting,9,0.61
SS-HAM-20240917-002,Werkstudent Data Analytics,Werkstudent,Hamburg,4,Enterprise BI & Reporting,9,0.61
SS-HAM-20241013-001,Werkstudent Data Engineering,Werkstudent,Hamburg,3,ML & Research,13,0.61
LI-STU-20240512-001,Data Scientist,Full-time,Stuttgart,2,Cloud Data Engineering,9,0.61
SS-FRA-20241209-004,ML Engineer,Full-time,Frankfurt,4,Enterprise BI & Reporting,8,0.61
SS-DOR-20250125-001,Data Scientist,Full-time,Dortmund,2,Cloud Data Engineering,14,0.61
LI-HAM-20250116-001,Praktikant Business Intelligence,Praktikum,Hamburg,1,Core Analytics & Student Entry,12,0.61
SS-NUR-20240916-001,Praktikant Data Science,Praktikum,Nuremberg,1,Core Analytics & Student Entry,7,0.61
LI-STU-20240208-001,ML Engineer,Full-time,Stuttgart,3,ML & Research,11,0.61
SS-HAM-20240428-001,Data Scientist,Full-time,Hamburg,1,Core Analytics & Student Entry,6,0.61
IND-MUN-20240904-001,Data Scientist,Full-time,Munich,2,Cloud Data Engineering,11,0.61
IND-MUN-20250218-001,Senior Data Analyst,Full-time,Munich,1,Core Analytics & Student Entry,8,0.61
SS-DOR-20241021-001,Werkstudent Data Science,Werkstudent,Dortmund,1,Core Analytics & Student Entry,5,0.61
IND-BER-20240321-001,Praktikant Data Analyst,Praktikum,Berlin,3,ML & Research,15,0.61
LI-FRA-20240501-001,Analytics Engineer,Full-time,Frankfurt,4,Enterprise BI & Reporting,6,0.61
IND-MUN-20250216-001,Data Architect,Full-time,Munich,4,Enterprise BI & Reporting,7,0.61
SS-FRA-20240426-001,Praktikant Business Intelligence,Praktikum,Frankfurt,1,Core Analytics & Student Entry,7,0.61
SS-HAM-20240120-001,Werkstudent Machine Learning,Werkstudent,Hamburg,1,Core Analytics & Student Entry,5,0.61
LI-ESS-20240327-001,Werkstudent Data Engineering,Werkstudent,Essen,1,Core Analytics & Student Entry,6,0.61
SS-BER-20240119-001,Analytics Engineer,Full-time,Berlin,1,Core Analytics & Student Entry,7,0.61
IND-BER-20240929-001,Praktikant Data Science,Praktikum,Berlin,1,Core Analytics & Student Entry,7,0.61
SS-BER-20250113-002,Data Scientist,Full-time,Berlin,3,ML & Research,10,0.61
IND-HAM-20250202-002,Business Intelligence Analyst,Full-time,Hamburg,3,ML & Research,13,0.61
SS-BER-20250303-001,Praktikant Analytics,Praktikum,Berlin,1,Core Analytics & Student Entry,8,0.61
IND-BER-20240824-001,Werkstudent Data Analytics,Werkstudent,Berlin,1,Core Analytics & Student Entry,6,0.61
IND-BER-20241117-001,Praktikant Business Intelligence,Praktikum,Berlin,1,Core Analytics & Student Entry,7,0.61
IND-OTH-20241114-001,Senior Data Analyst,Full-time,Other,1,Core Analytics & Student Entry,5,0.61
LI-FRA-20241214-001,Business Intelligence Analyst,Full-time,Frankfurt,3,ML & Research,13,0.61
LI-COL-20241115-001,ML Engineer,Full-time,Cologne,4,Enterprise BI & Reporting,10,0.61
IND-OTH-20240915-001,Contract Data Analyst,Freelance/Contract,Other,1,Core Analytics & Student Entry,10,0.61
IND-FRA-20250306-001,Business Intelligence Analyst,Full-time,Frankfurt,3,ML & Research,10,0.61
SS-MUN-20241025-001,Senior Data Engineer,Full-time,Munich,1,Core Analytics & Student Entry,6,0.61
IND-OTH-20250327-001,ML Engineer,Full-time,Other,1,Core Analytics & Student Entry,6,0.61
IND-HAM-20240701-001,Werkstudent Data Science,Werkstudent,Hamburg,2,Cloud Data Engineering,9,0.61
SS-MUN-20240519-001,Werkstudent Data Science,Werkstudent,Munich,2,Cloud Data Engineering,12,0.61
IND-BER-20240318-001,Senior Data Engineer,Full-time,Berlin,4,Enterprise BI & Reporting,6,0.61
SS-BER-20240213-001,Senior Data Analyst,Full-time,Berlin,2,Cloud Data Engineering,10,0.61
LI-FRA-20241128-001,Data Architect,Full-time,Frankfurt,2,Cloud Data Engineering,10,0.61
SS-BER-20250322-001,Analytics Engineer,Full-time,Berlin,1,Core Analytics & Student Entry,4,0.61
IND-COL-20240619-001,Data Engineer,Full-time,Cologne,3,ML & Research,14,0.61
IND-COL-20240203-001,Werkstudent Machine Learning,Werkstudent,Cologne,3,ML & Research,10,0.61
SS-FRA-20241223-001,Werkstudent BI,Werkstudent,Frankfurt,1,Core Analytics & Student Entry,7,0.61
IND-MUN-20240810-002,Senior Data Analyst,Full-time,Munich,4,Enterprise BI & Reporting,7,0.61
IND-HAM-20250214-001,Data Scientist,Full-time,Hamburg,2,Cloud Data Engineering,11,0.61
IND-ESS-20240131-001,Werkstudent Data Engineering,Werkstudent,Essen,2,Cloud Data Engineering,13,0.61
IND-HAM-20240910-001,ML Engineer,Full-time,Hamburg,2,Cloud Data Engineering,11,0.61
IND-STU-20240606-001,Senior Data Engineer,Full-time,Stuttgart,3,ML & Research,8,0.61
IND-OTH-20241028-001,Data Engineer,Full-time,Other,4,Enterprise BI & Reporting,12,0.61
SS-BER-20240904-002,Senior Data Engineer,Full-time,Berlin,4,Enterprise BI & Reporting,9,0.61
SS-BER-20241004-001,Contract ML Engineer,Freelance/Contract,Berlin,3,ML & Research,9,0.61
LI-MUN-20240702-002,Werkstudent Data Science,Werkstudent,Munich,1,Core Analytics & Student Entry,5,0.61
SS-COL-20240119-001,Freelance BI Consultant,Freelance/Contract,Cologne,4,Enterprise BI & Reporting,8,0.61
SS-MUN-20240122-001,Werkstudent Data Science,Werkstudent,Munich,1,Core Analytics & Student Entry,5,0.61
SS-HAM-20240209-001,Werkstudent Data Science,Werkstudent,Hamburg,1,Core Analytics & Student Entry,10,0.61
IND-HAM-20240101-001,Praktikant Business Intelligence,Praktikum,Hamburg,1,Core Analytics & Student Entry,6,0.61
SS-COL-20250204-001,Data Architect,Full-time,Cologne,4,Enterprise BI & Reporting,8,0.61
IND-BER-20240329-001,Werkstudent Data Engineering,Werkstudent,Berlin,1,Core Analytics & Student Entry,9,0.61
SS-BER-20240712-001,Werkstudent BI,Werkstudent,Berlin,4,Enterprise BI & Reporting,8,0.61
LI-HAM-20250128-001,Data Architect,Full-time,Hamburg,2,Cloud Data Engineering,13,0.61
LI-OTH-20240802-001,Praktikant Data Science,Praktikum,Other,2,Cloud Data Engineering,14,0.61
IND-HAM-20250203-001,Analytics Engineer,Full-time,Hamburg,3,ML & Research,8,0.61
IND-MUN-20241102-001,Data Scientist,Full-time,Munich,2,Cloud Data Engineering,13,0.61
LI-MUN-20250214-001,Senior Data Analyst,Full-time,Munich,3,ML & Research,9,0.61
LI-OTH-20250117-001,Senior Data Analyst,Full-time,Other,2,Cloud Data Engineering,10,0.61
LI-MUN-20240823-001,Data Analyst,Full-time,Munich,4,Enterprise BI & Reporting,9,0.61
LI-OTH-20241015-001,Contract Data Analyst,Freelance/Contract,Other,2,Cloud Data Engineering,12,0.61
IND-BER-20240817-001,Data Architect,Full-time,Berlin,2,Cloud Data Engineering,14,0.61
IND-HAM-20241020-001,BI Engineer,Full-time,Hamburg,4,Enterprise BI & Reporting,8,0.61
SS-BER-20250305-001,Praktikant Data Science,Praktikum,Berlin,1,Core Analytics & Student Entry,9,0.61
LI-BER-20240917-002,Analytics Engineer,Full-time,Berlin,2,Cloud Data Engineering,14,0.61
SS-HAM-20250126-001,Contract Data Analyst,Freelance/Contract,Hamburg,1,Core Analytics & Student Entry,6,0.61
LI-DOR-20241214-001,Senior Data Analyst,Full-time,Dortmund,4,Enterprise BI & Reporting,8,0.61
SS-OTH-20241128-001,Praktikant Data Analyst,Praktikum,Other,1,Core Analytics & Student Entry,8,0.61
SS-BER-20240122-001,Werkstudent Machine Learning,Werkstudent,Berlin,1,Core Analytics & Student Entry,9,0.61
SS-DOR-20240415-001,Data Scientist,Full-time,Dortmund,2,Cloud Data Engineering,12,0.61
SS-MUN-20250210-001,Werkstudent BI,Werkstudent,Munich,3,ML & Research,9,0.61
LI-COL-20250314-001,BI Engineer,Full-time,Cologne,4,Enterprise BI & Reporting,6,0.61
SS-DOR-20240917-001,Werkstudent Data Science,Werkstudent,Dortmund,1,Core Analytics & Student Entry,6,0.61
LI-NUR-20250318-001,Werkstudent Data Science,Werkstudent,Nuremberg,1,Core Analytics & Student Entry,8,0.61
IND-FRA-20250125-001,Senior Data Engineer,Full-time,Frankfurt,3,ML & Research,12,0.61
IND-MUN-20241103-002,Data Scientist,Full-time,Munich,3,ML & Research,10,0.61
IND-MUN-20241025-001,Praktikant Business Intelligence,Praktikum,Munich,1,Core Analytics & Student Entry,10,0.61
LI-MUN-20241225-001,Werkstudent Data Engineering,Werkstudent,Munich,4,Enterprise BI & Reporting,6,0.61
SS-STU-20240725-001,Senior Data Engineer,Full-time,Stuttgart,1,Core Analytics & Student Entry,5,0.61
IND-BER-20240820-001,BI Engineer,Full-time,Berlin,4,Enterprise BI & Reporting,7,0.61
IND-HAM-20240824-001,BI Engineer,Full-time,Hamburg,2,Cloud Data Engineering,13,0.61
IND-MUN-20240101-001,Data Scientist,Full-time,Munich,1,Core Analytics & Student Entry,7,0.61
LI-ESS-20241117-001,Praktikant Data Analyst,Praktikum,Essen,1,Core Analytics & Student Entry,9,0.61
SS-MUN-20240827-001,Werkstudent BI,Werkstudent,Munich,3,ML & Research,13,0.61
LI-HAM-20240220-002,Senior Data Engineer,Full-time,Hamburg,3,ML & Research,14,0.61
SS-STU-20240413-001,Data Engineer,Full-time,Stuttgart,4,Enterprise BI & Reporting,8,0.61
LI-BER-20241203-001,Data Scientist,Full-time,Berlin,4,Enterprise BI & Reporting,7,0.61
IND-MUN-20240524-001,Werkstudent Machine Learning,Werkstudent,Munich,1,Core Analytics & Student Entry,5,0.61
LI-FRA-20241208-001,Senior Data Analyst,Full-time,Frankfurt,2,Cloud Data Engineering,13,0.61
IND-HAM-20240830-002,Werkstudent Machine Learning,Werkstudent,Hamburg,1,Core Analytics & Student Entry,6,0.61
SS-BER-20240522-002,BI Engineer,Full-time,Berlin,4,Enterprise BI & Reporting,6,0.61
IND-STU-20240610-001,Contract Data Analyst,Freelance/Contract,Stuttgart,2,Cloud Data Engineering,16,0.61
IND-MUN-20240714-001,Contract ML Engineer,Freelance/Contract,Munich,1,Core Analytics & Student Entry,6,0.61
LI-HAM-20240320-001,Senior Data Analyst,Full-time,Hamburg,4,Enterprise BI & Reporting,8,0.61
SS-FRA-20240913-001,Senior Data Analyst,Full-time,Frankfurt,3,ML & Research,12,0.61
IND-FRA-20240321-001,Data Analyst,Full-time,Frankfurt,2,Cloud Data Engineering,14,0.61
LI-LEI-20250307-001,Contract Data Analyst,Freelance/Contract,Leipzig,1,Core Analytics & Student Entry,10,0.61
IND-BER-20240722-001,Praktikant Business Intelligence,Praktikum,Berlin,1,Core Analytics & Student Entry,6,0.61
LI-BER-20240722-001,Data Engineer,Full-time,Berlin,4,Enterprise BI & Reporting,9,0.61
SS-BER-20240514-001,Werkstudent Machine Learning,Werkstudent,Berlin,1,Core Analytics & Student Entry,4,0.61
IND-HAM-20240711-002,Praktikant Data Analyst,Praktikum,Hamburg,1,Core Analytics & Student Entry,6,0.61
SS-BER-20240126-002,Data Architect,Full-time,Berlin,2,Cloud Data Engineering,14,0.61
SS-DOR-20240728-001,Analytics Engineer,Full-time,Dortmund,1,Core Analytics & Student Entry,7,0.61
LI-LEI-20240313-001,Data Engineer,Full-time,Leipzig,2,Cloud Data Engineering,11,0.61
LI-DOR-20240131-001,Praktikant Business Intelligence,Praktikum,Dortmund,1,Core Analytics & Student Entry,6,0.61
LI-NUR-20250131-001,Data Analyst,Full-time,Nuremberg,2,Cloud Data Engineering,10,0.61
IND-HAM-20250302-001,Werkstudent Data Science,Werkstudent,Hamburg,1,Core Analytics & Student Entry,5,0.61
LI-MUN-20241128-001,BI Engineer,Full-time,Munich,3,ML & Research,11,0.61
IND-BER-20241003-001,BI Engineer,Full-time,Berlin,2,Cloud Data Engineering,12,0.61
SS-HAM-20240118-001,Data Engineer,Full-time,Hamburg,1,Core Analytics & Student Entry,5,0.61
SS-HAM-20240108-001,BI Engineer,Full-time,Hamburg,4,Enterprise BI & Reporting,6,0.61
SS-NUR-20241228-001,Data Architect,Full-time,Nuremberg,2,Cloud Data Engineering,13,0.61
IND-OTH-20241224-001,Data Analyst,Full-time,Other,4,Enterprise BI & Reporting,11,0.61
SS-BER-20240129-002,Werkstudent Data Analytics,Werkstudent,Berlin,2,Cloud Data Engineering,15,0.61
IND-OTH-20240926-001,Werkstudent Data Analytics,Werkstudent,Other,1,Core Analytics & Student Entry,9,0.61
SS-ESS-20250225-001,Data Analyst,Full-time,Essen,1,Core Analytics & Student Entry,5,0.61
SS-ESS-20240314-001,Analytics Engineer,Full-time,Essen,2,Cloud Data Engineering,11,0.61
IND-MUN-20241201-001,Praktikant Data Analyst,Praktikum,Munich,1,Core Analytics & Student Entry,5,0.61
LI-BER-20240308-001,Senior Data Analyst,Full-time,Berlin,1,Core Analytics & Student Entry,8,0.61
SS-ESS-20241004-001,Senior Data Analyst,Full-time,Essen,2,Cloud Data Engineering,11,0.61
SS-FRA-20240825-002,Data Scientist,Full-time,Frankfurt,3,ML & Research,12,0.61
IND-BER-20240518-002,Analytics Engineer,Full-time,Berlin,2,Cloud Data Engineering,13,0.61
IND-OTH-20241019-001,Praktikant Data Science,Praktikum,Other,3,ML & Research,12,0.61
SS-BER-20240722-002,Freelance Data Engineer,Freelance/Contract,Berlin,4,Enterprise BI & Reporting,9,0.61
IND-HAM-20241102-001,Business Intelligence Analyst,Full-time,Hamburg,3,ML & Research,12,0.61
SS-DÜS-20240317-001,Data Analyst,Full-time,Düsseldorf,2,Cloud Data Engineering,12,0.61
LI-LEI-20250112-001,Data Analyst,Full-time,Leipzig,4,Enterprise BI & Reporting,10,0.61
SS-HAM-20240314-001,Data Engineer,Full-time,Hamburg,3,ML & Research,10,0.61
IND-ESS-20240817-001,Werkstudent BI,Werkstudent,Essen,1,Core Analytics & Student Entry,8,0.61
IND-HAM-20241124-001,Werkstudent Machine Learning,Werkstudent,Hamburg,1,Core Analytics & Student Entry,5,0.61
IND-FRA-20240516-001,Data Scientist,Full-time,Frankfurt,2,Cloud Data Engineering,10,0.61
SS-BER-20250222-001,Praktikant Data Science,Praktikum,Berlin,1,Core Analytics & Student Entry,6,0.61
SS-NUR-20241013-001,Business Intelligence Analyst,Full-time,Nuremberg,2,Cloud Data Engineering,13,0.61
LI-HAM-20240708-001,Contract ML Engineer,Freelance/Contract,Hamburg,4,Enterprise BI & Reporting,7,0.61
IND-BER-20241212-001,BI Engineer,Full-time,Berlin,3,ML & Research,14,0.61
SS-MUN-20240212-002,Business Intelligence Analyst,Full-time,Munich,3,ML & Research,8,0.61
IND-BER-20240722-002,Data Architect,Full-time,Berlin,3,ML & Research,16,0.61
IND-COL-20240315-001,Business Intelligence Analyst,Full-time,Cologne,2,Cloud Data Engineering,15,0.61
SS-FRA-20241126-001,Werkstudent BI,Werkstudent,Frankfurt,3,ML & Research,9,0.61
IND-STU-20240527-001,Senior Data Engineer,Full-time,Stuttgart,2,Cloud Data Engineering,12,0.61
SS-OTH-20250326-001,Werkstudent Data Engineering,Werkstudent,Other,1,Core Analytics & Student Entry,5,0.61
SS-COL-20241108-001,Werkstudent Data Engineering,Werkstudent,Cologne,1,Core Analytics & Student Entry,6,0.61
SS-COL-20250220-001,Werkstudent Data Engineering,Werkstudent,Cologne,1,Core Analytics & Student Entry,11,0.61
LI-MUN-20240308-003,Data Engineer,Full-time,Munich,3,ML & Research,10,0.61
SS-BER-20240814-002,Data Engineer,Full-time,Berlin,3,ML & Research,12,0.61
IND-DÜS-20240420-001,Analytics Engineer,Full-time,Düsseldorf,4,Enterprise BI & Reporting,7,0.61
SS-COL-20241118-001,Werkstudent Data Science,Werkstudent,Cologne,1,Core Analytics & Student Entry,5,0.61
IND-HAM-20240316-001,Werkstudent Data Analytics,Werkstudent,Hamburg,1,Core Analytics & Student Entry,8,0.61
SS-BER-20240615-001,Business Intelligence Analyst,Full-time,Berlin,4,Enterprise BI & Reporting,7,0.61
SS-BER-20240420-001,Praktikant Analytics,Praktikum,Berlin,1,Core Analytics & Student Entry,5,0.61
IND-OTH-20241022-001,Praktikant Analytics,Praktikum,Other,4,Enterprise BI & Reporting,4,0.61
IND-DOR-20241019-001,Werkstudent Data Engineering,Werkstudent,Dortmund,4,Enterprise BI & Reporting,7,0.61
SS-BER-20241018-002,Data Engineer,Full-time,Berlin,4,Enterprise BI & Reporting,8,0.61
SS-HAM-20240126-001,Data Engineer,Full-time,Hamburg,2,Cloud Data Engineering,12,0.61
LI-COL-20241025-001,Praktikant Data Analyst,Praktikum,Cologne,1,Core Analytics & Student Entry,8,0.61
LI-MUN-20240517-001,Freelance Data Engineer,Freelance/Contract,Munich,3,ML & Research,15,0.61
SS-MUN-20241009-002,Data Architect,Full-time,Munich,2,Cloud Data Engineering,11,0.61
IND-BER-20250206-001,Freelance Data Engineer,Freelance/Contract,Berlin,4,Enterprise BI & Reporting,8,0.61
SS-BER-20240718-001,Data Analyst,Full-time,Berlin,2,Cloud Data Engineering,8,0.61
IND-BER-20241011-001,Werkstudent Data Engineering,Werkstudent,Berlin,1,Core Analytics & Student Entry,3,0.61
IND-MUN-20240831-001,Praktikant Analytics,Praktikum,Munich,1,Core Analytics & Student Entry,7,0.61
SS-FRA-20240115-001,Werkstudent Data Analytics,Werkstudent,Frankfurt,1,Core Analytics & Student Entry,7,0.61
SS-BER-20240416-001,Analytics Engineer,Full-time,Berlin,3,ML & Research,12,0.61
LI-MUN-20241103-001,Data Architect,Full-time,Munich,3,ML & Research,10,0.61
LI-HAM-20240417-001,Werkstudent Machine Learning,Werkstudent,Hamburg,1,Core Analytics & Student Entry,5,0.61
SS-BER-20240211-001,Data Engineer,Full-time,Berlin,2,Cloud Data Engineering,15,0.61
SS-HAM-20240820-001,Contract Data Analyst,Freelance/Contract,Hamburg,2,Cloud Data Engineering,11,0.61
IND-FRA-20241001-001,Werkstudent Data Analytics,Werkstudent,Frankfurt,4,Enterprise BI & Reporting,7,0.61
LI-FRA-20240827-001,Data Architect,Full-time,Frankfurt,2,Cloud Data Engineering,13,0.61
IND-DÜS-20240325-001,Business Intelligence Analyst,Full-time,Düsseldorf,2,Cloud Data Engineering,9,0.61
IND-MUN-20240621-001,Data Architect,Full-time,Munich,2,Cloud Data Engineering,10,0.61
SS-ESS-20241110-001,Contract Data Analyst,Freelance/Contract,Essen,2,Cloud Data Engineering,11,0.61
SS-MUN-20240325-002,Werkstudent Data Engineering,Werkstudent,Munich,1,Core Analytics & Student Entry,6,0.61
SS-HAM-20240821-002,Senior Data Analyst,Full-time,Hamburg,4,Enterprise BI & Reporting,6,0.61
SS-HAM-20241002-001,Werkstudent BI,Werkstudent,Hamburg,1,Core Analytics & Student Entry,8,0.61
IND-MUN-20241227-002,Senior Data Engineer,Full-time,Munich,2,Cloud Data Engineering,15,0.61
SS-FRA-20241209-001,Data Engineer,Full-time,Frankfurt,3,ML & Research,13,0.61
IND-FRA-20240304-001,Data Engineer,Full-time,Frankfurt,3,ML & Research,12,0.61
SS-LEI-20241112-001,Data Engineer,Full-time,Leipzig,3,ML & Research,12,0.61
SS-OTH-20240830-001,Praktikant Business Intelligence,Praktikum,Other,1,Core Analytics & Student Entry,6,0.61
LI-OTH-20240914-001,Senior Data Analyst,Full-time,Other,3,ML & Research,13,0.61
IND-BER-20250321-002,Analytics Engineer,Full-time,Berlin,4,Enterprise BI & Reporting,9,0.61
SS-BER-20241202-001,Data Analyst,Full-time,Berlin,4,Enterprise BI & Reporting,8,0.61
IND-BER-20240204-002,Data Analyst,Full-time,Berlin,4,Enterprise BI & Reporting,8,0.61
LI-BER-20241217-001,BI Engineer,Full-time,Berlin,2,Cloud Data Engineering,11,0.61
IND-MUN-20240505-001,Data Architect,Full-time,Munich,3,ML & Research,7,0.61
SS-OTH-20250121-001,Praktikant Business Intelligence,Praktikum,Other,1,Core Analytics & Student Entry,8,0.61
LI-MUN-20240808-001,Praktikant Data Science,Praktikum,Munich,1,Core Analytics & Student Entry,8,0.61
IND-DOR-20240720-002,Analytics Engineer,Full-time,Dortmund,3,ML & Research,15,0.61
IND-FRA-20241130-001,Werkstudent Data Engineering,Werkstudent,Frankfurt,1,Core Analytics & Student Entry,7,0.61
LI-STU-20241118-001,Werkstudent Data Science,Werkstudent,Stuttgart,2,Cloud Data Engineering,12,0.61
SS-BER-20241018-001,ML Engineer,Full-time,Berlin,2,Cloud Data Engineering,12,0.61
IND-MUN-20250204-001,Werkstudent BI,Werkstudent,Munich,1,Core Analytics & Student Entry,6,0.61
IND-NUR-20240701-001,Data Engineer,Full-time,Nuremberg,1,Core Analytics & Student Entry,13,0.61
LI-ESS-20241229-001,Data Engineer,Full-time,Essen,4,Enterprise BI & Reporting,7,0.61
SS-COL-20240306-001,Data Architect,Full-time,Cologne,1,Core Analytics & Student Entry,7,0.61
IND-HAM-20241205-001,Analytics Engineer,Full-time,Hamburg,2,Cloud Data Engineering,8,0.61
SS-BER-20240825-004,Praktikant Business Intelligence,Praktikum,Berlin,3,ML & Research,12,0.61
SS-MUN-20240825-001,Praktikant Data Science,Praktikum,Munich,2,Cloud Data Engineering,12,0.61
IND-COL-20240709-001,Praktikant Data Analyst,Praktikum,Cologne,2,Cloud Data Engineering,15,0.61
SS-BER-20240811-001,Data Scientist,Full-time,Berlin,3,ML & Research,9,0.61
SS-FRA-20240119-001,Praktikant Data Science,Praktikum,Frankfurt,1,Core Analytics & Student Entry,9,0.61
SS-BER-20241029-001,Senior Data Engineer,Full-time,Berlin,2,Cloud Data Engineering,13,0.61
SS-BER-20241212-003,Data Analyst,Full-time,Berlin,4,Enterprise BI & Reporting,7,0.61
SS-BER-20240825-001,Praktikant Analytics,Praktikum,Berlin,1,Core Analytics & Student Entry,8,0.61
LI-HAM-20241229-001,BI Engineer,Full-time,Hamburg,2,Cloud Data Engineering,12,0.61
IND-HAM-20241112-001,Senior Data Engineer,Full-time,Hamburg,1,Core Analytics & Student Entry,10,0.61
LI-FRA-20241119-001,ML Engineer,Full-time,Frankfurt,2,Cloud Data Engineering,14,0.61
IND-FRA-20240123-001,Werkstudent BI,Werkstudent,Frankfurt,4,Enterprise BI & Reporting,9,0.61
LI-BER-20240311-001,ML Engineer,Full-time,Berlin,2,Cloud Data Engineering,13,0.61
IND-COL-20241208-001,ML Engineer,Full-time,Cologne,2,Cloud Data Engineering,12,0.61
SS-NUR-20241023-001,Data Engineer,Full-time,Nuremberg,2,Cloud Data Engineering,10,0.61
SS-BER-20241104-001,Werkstudent BI,Werkstudent,Berlin,1,Core Analytics & Student Entry,7,0.61
LI-BER-20241114-003,Senior Data Analyst,Full-time,Berlin,4,Enterprise BI & Reporting,9,0.61
SS-STU-20240424-001,Data Analyst,Full-time,Stuttgart,3,ML & Research,7,0.61
IND-MUN-20250228-001,Contract ML Engineer,Freelance/Contract,Munich,2,Cloud Data Engineering,16,0.61
IND-COL-20240926-001,Business Intelligence Analyst,Full-time,Cologne,2,Cloud Data Engineering,11,0.61
IND-MUN-20241031-001,Data Engineer,Full-time,Munich,3,ML & Research,12,0.61
LI-FRA-20240605-001,Contract ML Engineer,Freelance/Contract,Frankfurt,2,Cloud Data Engineering,12,0.61
IND-BER-20241116-002,Praktikant Analytics,Praktikum,Berlin,1,Core Analytics & Student Entry,9,0.61
IND-HAM-20250226-001,ML Engineer,Full-time,Hamburg,1,Core Analytics & Student Entry,9,0.61
LI-MUN-20250217-002,Werkstudent Machine Learning,Werkstudent,Munich,2,Cloud Data Engineering,13,0.61
SS-ESS-20241024-001,Werkstudent Data Analytics,Werkstudent,Essen,1,Core Analytics & Student Entry,6,0.61
SS-MUN-20250118-001,Data Architect,Full-time,Munich,1,Core Analytics & Student Entry,9,0.61
SS-COL-20240127-001,Senior Data Engineer,Full-time,Cologne,1,Core Analytics & Student Entry,8,0.61
SS-MUN-20240123-001,Werkstudent Machine Learning,Werkstudent,Munich,1,Core Analytics & Student Entry,7,0.61
SS-FRA-20240718-001,Data Architect,Full-time,Frankfurt,2,Cloud Data Engineering,10,0.61
LI-COL-20240110-001,Data Scientist,Full-time,Cologne,2,Cloud Data Engineering,14,0.61
SS-BER-20241117-001,ML Engineer,Full-time,Berlin,3,ML & Research,12,0.61
LI-FRA-20250221-001,Senior Data Analyst,Full-time,Frankfurt,1,Core Analytics & Student Entry,8,0.61
LI-OTH-20250131-001,Werkstudent Data Science,Werkstudent,Other,1,Core Analytics & Student Entry,10,0.61
SS-BER-20240106-001,Werkstudent Data Science,Werkstudent,Berlin,4,Enterprise BI & Reporting,9,0.61
LI-MUN-20241009-001,Data Analyst,Full-time,Munich,4,Enterprise BI & Reporting,8,0.61
LI-LEI-20240710-001,Data Analyst,Full-time,Leipzig,3,ML & Research,13,0.61
SS-OTH-20240620-001,Data Engineer,Full-time,Other,2,Cloud Data Engineering,13,0.61
IND-BER-20240928-001,Praktikant Data Science,Praktikum,Berlin,1,Core Analytics & Student Entry,8,0.61
IND-MUN-20241109-002,Analytics Engineer,Full-time,Munich,3,ML & Research,13,0.61
IND-BER-20240110-001,Data Architect,Full-time,Berlin,2,Cloud Data Engineering,10,0.61
SS-BER-20240914-001,BI Engineer,Full-time,Berlin,3,ML & Research,13,0.61
IND-HAM-20250102-001,Data Analyst,Full-time,Hamburg,2,Cloud Data Engineering,12,0.61
LI-LEI-20241223-001,Senior Data Engineer,Full-time,Leipzig,1,Core Analytics & Student Entry,9,0.61
LI-MUN-20240415-001,Data Scientist,Full-time,Munich,1,Core Analytics & Student Entry,7,0.61
IND-MUN-20240806-001,Data Analyst,Full-time,Munich,3,ML & Research,14,0.61
LI-BER-20241214-001,Werkstudent Machine Learning,Werkstudent,Berlin,1,Core Analytics & Student Entry,9,0.61
IND-DOR-20240517-001,Data Architect,Full-time,Dortmund,1,Core Analytics & Student Entry,9,0.61
IND-HAM-20240620-001,Praktikant Data Analyst,Praktikum,Hamburg,1,Core Analytics & Student Entry,8,0.61
LI-STU-20240531-002,Data Engineer,Full-time,Stuttgart,4,Enterprise BI & Reporting,5,0.61
SS-BER-20250108-001,Senior Data Analyst,Full-time,Berlin,1,Core Analytics & Student Entry,10,0.61
IND-BER-20240131-003,BI Engineer,Full-time,Berlin,1,Core Analytics & Student Entry,11,0.61
LI-BER-20241201-001,Senior Data Engineer,Full-time,Berlin,2,Cloud Data Engineering,10,0.61
IND-OTH-20240407-001,Data Analyst,Full-time,Other,4,Enterprise BI & Reporting,7,0.61
IND-COL-20240522-001,BI Engineer,Full-time,Cologne,3,ML & Research,12,0.61
SS-HAM-20250113-001,ML Engineer,Full-time,Hamburg,2,Cloud Data Engineering,12,0.61
LI-COL-20240207-001,Senior Data Engineer,Full-time,Cologne,3,ML & Research,11,0.61
LI-BER-20240929-001,Data Analyst,Full-time,Berlin,2,Cloud Data Engineering,12,0.61
IND-FRA-20241023-001,Senior Data Analyst,Full-time,Frankfurt,3,ML & Research,14,0.61
IND-OTH-20240822-001,Analytics Engineer,Full-time,Other,3,ML & Research,14,0.61
SS-HAM-20240318-001,Data Scientist,Full-time,Hamburg,2,Cloud Data Engineering,9,0.61
IND-HAM-20240105-001,Data Analyst,Full-time,Hamburg,4,Enterprise BI & Reporting,9,0.61
IND-DOR-20240513-001,Senior Data Engineer,Full-time,Dortmund,2,Cloud Data Engineering,13,0.61
LI-BER-20250116-002,Business Intelligence Analyst,Full-time,Berlin,4,Enterprise BI & Reporting,5,0.61
LI-BER-20241220-001,Werkstudent Data Analytics,Werkstudent,Berlin,1,Core Analytics & Student Entry,7,0.61
SS-BER-20240816-003,Data Engineer,Full-time,Berlin,4,Enterprise BI & Reporting,11,0.61
IND-MUN-20240605-001,Praktikant Analytics,Praktikum,Munich,4,Enterprise BI & Reporting,9,0.61
SS-STU-20240610-001,ML Engineer,Full-time,Stuttgart,2,Cloud Data Engineering,10,0.61
IND-BER-20240708-001,Werkstudent Data Science,Werkstudent,Berlin,4,Enterprise BI & Reporting,10,0.61
LI-MUN-20240514-001,Werkstudent Machine Learning,Werkstudent,Munich,1,Core Analytics & Student Entry,6,0.61
SS-MUN-20240227-002,ML Engineer,Full-time,Munich,3,ML & Research,14,0.61
IND-HAM-20240214-001,Freelance BI Consultant,Freelance/Contract,Hamburg,2,Cloud Data Engineering,13,0.61
IND-BER-20240204-001,Freelance BI Consultant,Freelance/Contract,Berlin,2,Cloud Data Engineering,8,0.61
LI-BER-20240729-002,Data Scientist,Full-time,Berlin,4,Enterprise BI & Reporting,11,0.61
IND-MUN-20250326-001,Contract Data Analyst,Freelance/Contract,Munich,4,Enterprise BI & Reporting,13,0.61
IND-BER-20240810-001,Business Intelligence Analyst,Full-time,Berlin,2,Cloud Data Engineering,16,0.61
LI-OTH-20240703-001,Business Intelligence Analyst,Full-time,Other,4,Enterprise BI & Reporting,7,0.61
IND-BER-20250322-001,Senior Data Analyst,Full-time,Berlin,2,Cloud Data Engineering,10,0.61
IND-FRA-20240511-001,Business Intelligence Analyst,Full-time,Frankfurt,3,ML & Research,12,0.61
IND-DOR-20240523-001,Data Engineer,Full-time,Dortmund,3,ML & Research,13,0.61
IND-DOR-20240522-001,BI Engineer,Full-time,Dortmund,2,Cloud Data Engineering,7,0.61
IND-BER-20240918-001,Praktikant Business Intelligence,Praktikum,Berlin,1,Core Analytics & Student Entry,7,0.61
SS-ESS-20250307-001,Werkstudent Data Engineering,Werkstudent,Essen,1,Core Analytics & Student Entry,7,0.61
SS-MUN-20240921-001,Contract Data Analyst,Freelance/Contract,Munich,4,Enterprise BI & Reporting,8,0.61
IND-COL-20240805-001,BI Engineer,Full-time,Cologne,2,Cloud Data Engineering,13,0.61
IND-MUN-20250307-001,Contract ML Engineer,Freelance/Contract,Munich,1,Core Analytics & Student Entry,6,0.61
IND-HAM-20241026-001,Werkstudent Data Analytics,Werkstudent,Hamburg,1,Core Analytics & Student Entry,5,0.61
SS-BER-20240330-001,Data Analyst,Full-time,Berlin,1,Core Analytics & Student Entry,5,0.61
IND-NUR-20240814-001,Praktikant Data Analyst,Praktikum,Nuremberg,1,Core Analytics & Student Entry,5,0.61
SS-BER-20240705-001,Werkstudent Machine Learning,Werkstudent,Berlin,1,Core Analytics & Student Entry,8,0.61
IND-NUR-20250207-001,Werkstudent BI,Werkstudent,Nuremberg,2,Cloud Data Engineering,11,0.61
IND-OTH-20240603-001,Werkstudent Data Analytics,Werkstudent,Other,1,Core Analytics & Student Entry,8,0.61
SS-OTH-20240802-001,Freelance Data Engineer,Freelance/Contract,Other,1,Core Analytics & Student Entry,6,0.61
SS-HAM-20241107-001,Werkstudent Machine Learning,Werkstudent,Hamburg,1,Core Analytics & Student Entry,8,0.61
SS-OTH-20241225-001,Data Architect,Full-time,Other,4,Enterprise BI & Reporting,6,0.61
IND-STU-20240310-001,Data Architect,Full-time,Stuttgart,3,ML & Research,12,0.61
LI-HAM-20241218-001,Werkstudent Machine Learning,Werkstudent,Hamburg,1,Core Analytics & Student Entry,9,0.61
IND-HAM-20241111-001,Analytics Engineer,Full-time,Hamburg,2,Cloud Data Engineering,10,0.61
SS-MUN-20240315-001,Werkstudent Machine Learning,Werkstudent,Munich,1,Core Analytics & Student Entry,8,0.61
IND-MUN-20240124-001,Senior Data Engineer,Full-time,Munich,2,Cloud Data Engineering,10,0.61
LI-MUN-20240908-001,Werkstudent BI,Werkstudent,Munich,1,Core Analytics & Student Entry,5,0.61
LI-HAM-20240723-002,Senior Data Engineer,Full-time,Hamburg,3,ML & Research,13,0.61
SS-STU-20240131-001,Praktikant Business Intelligence,Praktikum,Stuttgart,1,Core Analytics & Student Entry,9,0.61
IND-MUN-20250323-001,Werkstudent BI,Werkstudent,Munich,2,Cloud Data Engineering,12,0.61
SS-MUN-20240512-001,Data Engineer,Full-time,Munich,2,Cloud Data Engineering,11,0.61
IND-BER-20240515-001,Werkstudent BI,Werkstudent,Berlin,1,Core Analytics & Student Entry,7,0.61
SS-HAM-20241030-001,Werkstudent Machine Learning,Werkstudent,Hamburg,1,Core Analytics & Student Entry,7,0.61
LI-DOR-20240617-001,Werkstudent Data Analytics,Werkstudent,Dortmund,1,Core Analytics & Student Entry,9,0.61
SS-MUN-20250311-001,Data Analyst,Full-time,Munich,3,ML & Research,11,0.61
IND-DOR-20250326-001,Analytics Engineer,Full-time,Dortmund,2,Cloud Data Engineering,11,0.61
IND-OTH-20240602-001,Data Analyst,Full-time,Other,2,Cloud Data Engineering,11,0.61
LI-ESS-20240215-001,Praktikant Data Analyst,Praktikum,Essen,1,Core Analytics & Student Entry,7,0.61
IND-BER-20240801-001,Werkstudent Machine Learning,Werkstudent,Berlin,1,Core Analytics & Student Entry,5,0.61
LI-COL-20250212-001,Werkstudent BI,Werkstudent,Cologne,4,Enterprise BI & Reporting,9,0.61
LI-OTH-20240725-001,Senior Data Analyst,Full-time,Other,1,Core Analytics & Student Entry,5,0.61
SS-BER-20240126-003,Senior Data Analyst,Full-time,Berlin,4,Enterprise BI & Reporting,8,0.61
LI-ESS-20241210-001,Analytics Engineer,Full-time,Essen,1,Core Analytics & Student Entry,8,0.61
IND-STU-20240323-001,ML Engineer,Full-time,Stuttgart,2,Cloud Data Engineering,14,0.61
LI-ESS-20240918-001,ML Engineer,Full-time,Essen,2,Cloud Data Engineering,9,0.61
IND-MUN-20241217-001,Praktikant Business Intelligence,Praktikum,Munich,1,Core Analytics & Student Entry,7,0.61
IND-BER-20240102-004,Senior Data Engineer,Full-time,Berlin,4,Enterprise BI & Reporting,7,0.61
LI-BER-20241125-002,Werkstudent Data Analytics,Werkstudent,Berlin,2,Cloud Data Engineering,14,0.61
IND-STU-20240813-001,Data Engineer,Full-time,Stuttgart,3,ML & Research,10,0.61
SS-STU-20240606-002,Contract Data Analyst,Freelance/Contract,Stuttgart,4,Enterprise BI & Reporting,9,0.61
IND-HAM-20240801-001,ML Engineer,Full-time,Hamburg,4,Enterprise BI & Reporting,7,0.61
LI-ESS-20240728-001,Praktikant Analytics,Praktikum,Essen,1,Core Analytics & Student Entry,6,0.61
SS-LEI-20241014-001,Data Architect,Full-time,Leipzig,2,Cloud Data Engineering,13,0.61
SS-BER-20240111-002,Werkstudent BI,Werkstudent,Berlin,3,ML & Research,9,0.61
IND-BER-20240724-001,Data Engineer,Full-time,Berlin,1,Core Analytics & Student Entry,10,0.61
LI-BER-20241224-001,Praktikant Business Intelligence,Praktikum,Berlin,1,Core Analytics & Student Entry,7,0.61
SS-NUR-20240630-001,Werkstudent BI,Werkstudent,Nuremberg,1,Core Analytics & Student Entry,4,0.61
SS-DOR-20240301-001,Werkstudent Data Engineering,Werkstudent,Dortmund,1,Core Analytics & Student Entry,4,0.61
LI-NUR-20240118-001,Praktikant Business Intelligence,Praktikum,Nuremberg,1,Core Analytics & Student Entry,5,0.61
SS-MUN-20250219-001,Werkstudent Machine Learning,Werkstudent,Munich,1,Core Analytics & Student Entry,7,0.61
LI-COL-20240726-001,Senior Data Engineer,Full-time,Cologne,3,ML & Research,16,0.61
IND-OTH-20240419-001,Data Analyst,Full-time,Other,1,Core Analytics & Student Entry,9,0.61
SS-STU-20241128-001,Praktikant Data Analyst,Praktikum,Stuttgart,1,Core Analytics & Student Entry,10,0.61
SS-BER-20240810-001,Data Scientist,Full-time,Berlin,2,Cloud Data Engineering,12,0.61
SS-HAM-20240818-001,ML Engineer,Full-time,Hamburg,4,Enterprise BI & Reporting,9,0.61
IND-BER-20240115-001,Werkstudent Data Analytics,Werkstudent,Berlin,1,Core Analytics & Student Entry,9,0.61
LI-MUN-20240521-001,Business Intelligence Analyst,Full-time,Munich,3,ML & Research,16,0.61
LI-MUN-20240309-001,Praktikant Business Intelligence,Praktikum,Munich,1,Core Analytics & Student Entry,8,0.61
LI-BER-20240826-001,BI Engineer,Full-time,Berlin,2,Cloud Data Engineering,10,0.61
LI-NUR-20240601-001,Data Analyst,Full-time,Nuremberg,4,Enterprise BI & Reporting,10,0.61
LI-ESS-20240528-001,Analytics Engineer,Full-time,Essen,1,Core Analytics & Student Entry,7,0.61
SS-BER-20240604-003,Business Intelligence Analyst,Full-time,Berlin,3,ML & Research,14,0.61
LI-HAM-20240515-001,Analytics Engineer,Full-time,Hamburg,2,Cloud Data Engineering,13,0.61
SS-MUN-20241201-001,Business Intelligence Analyst,Full-time,Munich,4,Enterprise BI & Reporting,8,0.61
SS-OTH-20250223-001,Praktikant Business Intelligence,Praktikum,Other,2,Cloud Data Engineering,9,0.61
LI-ESS-20240129-001,Contract Data Analyst,Freelance/Contract,Essen,3,ML & Research,12,0.61
SS-BER-20241221-002,Praktikant Business Intelligence,Praktikum,Berlin,1,Core Analytics & Student Entry,10,0.61
SS-BER-20240709-001,Contract ML Engineer,Freelance/Contract,Berlin,1,Core Analytics & Student Entry,9,0.61
LI-BER-20240204-001,Praktikant Analytics,Praktikum,Berlin,1,Core Analytics & Student Entry,8,0.61
LI-COL-20240313-001,Business Intelligence Analyst,Full-time,Cologne,1,Core Analytics & Student Entry,6,0.61
IND-MUN-20250315-001,Freelance BI Consultant,Freelance/Contract,Munich,3,ML & Research,11,0.61
IND-FRA-20241103-003,Praktikant Business Intelligence,Praktikum,Frankfurt,1,Core Analytics & Student Entry,11,0.61
IND-HAM-20250220-001,Business Intelligence Analyst,Full-time,Hamburg,2,Cloud Data Engineering,15,0.61
SS-FRA-20241114-001,Business Intelligence Analyst,Full-time,Frankfurt,3,ML & Research,13,0.61
SS-LEI-20240819-001,Praktikant Business Intelligence,Praktikum,Leipzig,1,Core Analytics & Student Entry,10,0.61
LI-LEI-20240607-001,Data Architect,Full-time,Leipzig,3,ML & Research,14,0.61
SS-COL-20240216-001,Werkstudent BI,Werkstudent,Cologne,1,Core Analytics & Student Entry,9,0.61
LI-BER-20241123-001,Praktikant Analytics,Praktikum,Berlin,1,Core Analytics & Student Entry,7,0.61
LI-FRA-20241119-002,ML Engineer,Full-time,Frankfurt,3,ML & Research,13,0.61
IND-BER-20250331-002,Werkstudent BI,Werkstudent,Berlin,1,Core Analytics & Student Entry,10,0.61
LI-DOR-20250126-001,Praktikant Analytics,Praktikum,Dortmund,1,Core Analytics & Student Entry,6,0.61
SS-HAM-20240425-002,Data Architect,Full-time,Hamburg,3,ML & Research,11,0.61
SS-MUN-20240910-001,Data Engineer,Full-time,Munich,3,ML & Research,12,0.61
IND-STU-20240320-001,Data Scientist,Full-time,Stuttgart,1,Core Analytics & Student Entry,5,0.61
IND-ESS-20240710-001,Analytics Engineer,Full-time,Essen,2,Cloud Data Engineering,12,0.61
LI-STU-20240626-001,Freelance Data Engineer,Freelance/Contract,Stuttgart,2,Cloud Data Engineering,10,0.61
SS-FRA-20240323-001,Data Analyst,Full-time,Frankfurt,1,Core Analytics & Student Entry,5,0.61
LI-HAM-20240329-001,BI Engineer,Full-time,Hamburg,1,Core Analytics & Student Entry,10,0.61
IND-BER-20241218-001,Werkstudent Data Engineering,Werkstudent,Berlin,1,Core Analytics & Student Entry,7,0.61
SS-DÜS-20250105-001,Werkstudent Data Science,Werkstudent,Düsseldorf,1,Core Analytics & Student Entry,7,0.61
IND-STU-20241023-001,Data Architect,Full-time,Stuttgart,4,Enterprise BI & Reporting,11,0.61
LI-BER-20250328-001,BI Engineer,Full-time,Berlin,3,ML & Research,14,0.61
LI-COL-20240926-001,Data Scientist,Full-time,Cologne,1,Core Analytics & Student Entry,6,0.61
IND-ESS-20241028-001,Data Analyst,Full-time,Essen,3,ML & Research,13,0.61
SS-ESS-20240318-001,Praktikant Analytics,Praktikum,Essen,1,Core Analytics & Student Entry,6,0.61
SS-HAM-20240414-001,Praktikant Data Science,Praktikum,Hamburg,1,Core Analytics & Student Entry,6,0.61
SS-HAM-20240820-002,Data Analyst,Full-time,Hamburg,2,Cloud Data Engineering,9,0.61
LI-BER-20240605-001,Data Scientist,Full-time,Berlin,3,ML & Research,12,0.61
LI-MUN-20241207-001,Werkstudent Data Engineering,Werkstudent,Munich,1,Core Analytics & Student Entry,3,0.61
SS-BER-20241025-002,Freelance BI Consultant,Freelance/Contract,Berlin,4,Enterprise BI & Reporting,7,0.61
LI-FRA-20241122-001,Werkstudent Data Engineering,Werkstudent,Frankfurt,1,Core Analytics & Student Entry,8,0.61
LI-OTH-20240413-001,Analytics Engineer,Full-time,Other,3,ML & Research,13,0.61
LI-BER-20241125-001,Werkstudent BI,Werkstudent,Berlin,1,Core Analytics & Student Entry,7,0.61
SS-FRA-20241222-001,Praktikant Data Science,Praktikum,Frankfurt,1,Core Analytics & Student Entry,5,0.61
SS-MUN-20240612-001,Senior Data Engineer,Full-time,Munich,2,Cloud Data Engineering,14,0.61
IND-HAM-20240830-001,Praktikant Data Analyst,Praktikum,Hamburg,1,Core Analytics & Student Entry,6,0.61
SS-BER-20240722-001,Data Engineer,Full-time,Berlin,3,ML & Research,9,0.61
LI-BER-20240907-001,Werkstudent Data Engineering,Werkstudent,Berlin,1,Core Analytics & Student Entry,7,0.61
SS-COL-20241006-001,Data Engineer,Full-time,Cologne,3,ML & Research,13,0.61
LI-HAM-20250126-001,BI Engineer,Full-time,Hamburg,2,Cloud Data Engineering,11,0.61
IND-MUN-20240908-002,Analytics Engineer,Full-time,Munich,4,Enterprise BI & Reporting,8,0.61
IND-OTH-20240129-001,Werkstudent Data Engineering,Werkstudent,Other,1,Core Analytics & Student Entry,9,0.61
LI-BER-20240814-001,Praktikant Analytics,Praktikum,Berlin,1,Core Analytics & Student Entry,6,0.61
SS-HAM-20240722-001,ML Engineer,Full-time,Hamburg,2,Cloud Data Engineering,13,0.61
IND-FRA-20240611-001,ML Engineer,Full-time,Frankfurt,4,Enterprise BI & Reporting,7,0.61
SS-BER-20240216-001,Data Scientist,Full-time,Berlin,4,Enterprise BI & Reporting,9,0.61
IND-LEI-20240203-001,Senior Data Analyst,Full-time,Leipzig,2,Cloud Data Engineering,11,0.61
LI-STU-20240526-001,BI Engineer,Full-time,Stuttgart,4,Enterprise BI & Reporting,6,0.61
SS-FRA-20240817-002,Senior Data Analyst,Full-time,Frankfurt,2,Cloud Data Engineering,11,0.61
SS-DÜS-20240607-001,BI Engineer,Full-time,Düsseldorf,4,Enterprise BI & Reporting,7,0.61
IND-ESS-20240526-001,Data Engineer,Full-time,Essen,3,ML & Research,14,0.61
SS-DÜS-20240515-001,Data Analyst,Full-time,Düsseldorf,1,Core Analytics & Student Entry,6,0.61
IND-STU-20240523-001,Praktikant Data Analyst,Praktikum,Stuttgart,1,Core Analytics & Student Entry,6,0.61
IND-HAM-20240402-001,Werkstudent Data Science,Werkstudent,Hamburg,2,Cloud Data Engineering,16,0.61
SS-DÜS-20240725-001,Werkstudent BI,Werkstudent,Düsseldorf,1,Core Analytics & Student Entry,5,0.61
IND-FRA-20240625-001,Senior Data Analyst,Full-time,Frankfurt,3,ML & Research,9,0.61
IND-OTH-20240116-001,Freelance Data Engineer,Freelance/Contract,Other,4,Enterprise BI & Reporting,8,0.61
IND-HAM-20240620-002,Analytics Engineer,Full-time,Hamburg,3,ML & Research,8,0.61
IND-LEI-20240513-002,Analytics Engineer,Full-time,Leipzig,2,Cloud Data Engineering,13,0.61
SS-BER-20240419-001,Senior Data Engineer,Full-time,Berlin,2,Cloud Data Engineering,12,0.61
IND-MUN-20240616-001,Data Analyst,Full-time,Munich,1,Core Analytics & Student Entry,6,0.61
SS-STU-20240504-001,Werkstudent BI,Werkstudent,Stuttgart,1,Core Analytics & Student Entry,9,0.61
IND-BER-20240320-001,Freelance BI Consultant,Freelance/Contract,Berlin,4,Enterprise BI & Reporting,7,0.61
LI-MUN-20240331-001,Data Scientist,Full-time,Munich,1,Core Analytics & Student Entry,5,0.61
LI-MUN-20240712-001,Werkstudent Machine Learning,Werkstudent,Munich,1,Core Analytics & Student Entry,4,0.61
SS-BER-20240102-001,Werkstudent Data Engineering,Werkstudent,Berlin,2,Cloud Data Engineering,12,0.61
SS-OTH-20240208-001,Data Analyst,Full-time,Other,2,Cloud Data Engineering,11,0.61
LI-HAM-20240905-001,Analytics Engineer,Full-time,Hamburg,3,ML & Research,10,0.61
IND-FRA-20240324-001,Data Analyst,Full-time,Frankfurt,3,ML & Research,15,0.61
LI-BER-20240324-001,Freelance Data Engineer,Freelance/Contract,Berlin,4,Enterprise BI & Reporting,5,0.61
IND-BER-20241120-001,Senior Data Analyst,Full-time,Berlin,2,Cloud Data Engineering,14,0.61
IND-FRA-20241214-001,Analytics Engineer,Full-time,Frankfurt,2,Cloud Data Engineering,12,0.61
LI-MUN-20240229-001,Analytics Engineer,Full-time,Munich,2,Cloud Data Engineering,10,0.61
SS-BER-20240619-002,Data Scientist,Full-time,Berlin,2,Cloud Data Engineering,11,0.61
LI-FRA-20250108-001,Werkstudent BI,Werkstudent,Frankfurt,4,Enterprise BI & Reporting,11,0.61
SS-LEI-20240213-001,Praktikant Data Analyst,Praktikum,Leipzig,1,Core Analytics & Student Entry,8,0.61
SS-BER-20241017-002,Werkstudent Data Analytics,Werkstudent,Berlin,1,Core Analytics & Student Entry,8,0.61
IND-MUN-20240403-001,ML Engineer,Full-time,Munich,3,ML & Research,12,0.61
IND-NUR-20241231-001,Senior Data Analyst,Full-time,Nuremberg,1,Core Analytics & Student Entry,8,0.61
SS-FRA-20240804-001,Data Analyst,Full-time,Frankfurt,3,ML & Research,9,0.61
LI-FRA-20240619-001,Werkstudent Data Analytics,Werkstudent,Frankfurt,1,Core Analytics & Student Entry,7,0.61
LI-MUN-20240204-001,Praktikant Analytics,Praktikum,Munich,1,Core Analytics & Student Entry,8,0.61
LI-STU-20240307-001,Business Intelligence Analyst,Full-time,Stuttgart,2,Cloud Data Engineering,10,0.61
SS-ESS-20240206-001,Praktikant Data Analyst,Praktikum,Essen,4,Enterprise BI & Reporting,9,0.61
IND-FRA-20240918-001,Werkstudent Data Science,Werkstudent,Frankfurt,1,Core Analytics & Student Entry,6,0.61
IND-COL-20240108-001,BI Engineer,Full-time,Cologne,1,Core Analytics & Student Entry,8,0.61
IND-BER-20240324-003,BI Engineer,Full-time,Berlin,3,ML & Research,12,0.61
IND-ESS-20240912-001,Data Analyst,Full-time,Essen,2,Cloud Data Engineering,15,0.61
LI-HAM-20240109-002,Data Analyst,Full-time,Hamburg,4,Enterprise BI & Reporting,10,0.61
SS-BER-20240218-001,Data Scientist,Full-time,Berlin,2,Cloud Data Engineering,15,0.61
IND-MUN-20240624-001,Werkstudent Machine Learning,Werkstudent,Munich,3,ML & Research,9,0.61
SS-COL-20240921-001,BI Engineer,Full-time,Cologne,3,ML & Research,12,0.61
SS-MUN-20250320-003,Data Architect,Full-time,Munich,4,Enterprise BI & Reporting,9,0.61
LI-HAM-20240902-002,Freelance BI Consultant,Freelance/Contract,Hamburg,4,Enterprise BI & Reporting,7,0.61
LI-DOR-20240521-001,Analytics Engineer,Full-time,Dortmund,3,ML & Research,13,0.61
SS-HAM-20241129-001,Werkstudent Machine Learning,Werkstudent,Hamburg,3,ML & Research,13,0.61
LI-MUN-20240904-001,Data Analyst,Full-time,Munich,3,ML & Research,11,0.61
SS-BER-20241112-001,Data Engineer,Full-time,Berlin,4,Enterprise BI & Reporting,9,0.61
IND-BER-20240720-001,Contract ML Engineer,Freelance/Contract,Berlin,2,Cloud Data Engineering,13,0.61
SS-HAM-20240430-001,Praktikant Data Analyst,Praktikum,Hamburg,1,Core Analytics & Student Entry,4,0.61
SS-DOR-20241225-001,Werkstudent Data Analytics,Werkstudent,Dortmund,1,Core Analytics & Student Entry,10,0.61
SS-FRA-20240520-001,Data Architect,Full-time,Frankfurt,1,Core Analytics & Student Entry,6,0.61
LI-MUN-20241126-001,Analytics Engineer,Full-time,Munich,2,Cloud Data Engineering,13,0.61
SS-BER-20240325-001,Data Architect,Full-time,Berlin,4,Enterprise BI & Reporting,10,0.61
LI-BER-20240621-002,ML Engineer,Full-time,Berlin,4,Enterprise BI & Reporting,11,0.61
IND-DOR-20240110-001,Data Analyst,Full-time,Dortmund,4,Enterprise BI & Reporting,11,0.61
SS-BER-20240114-001,Werkstudent Data Analytics,Werkstudent,Berlin,1,Core Analytics & Student Entry,5,0.61
IND-MUN-20241206-001,Praktikant Data Analyst,Praktikum,Munich,3,ML & Research,11,0.61
SS-FRA-20240620-001,Data Scientist,Full-time,Frankfurt,2,Cloud Data Engineering,9,0.61
IND-MUN-20240118-002,Werkstudent Machine Learning,Werkstudent,Munich,4,Enterprise BI & Reporting,6,0.61
SS-OTH-20250320-001,Data Architect,Full-time,Other,2,Cloud Data Engineering,10,0.61
SS-MUN-20250319-001,Senior Data Analyst,Full-time,Munich,2,Cloud Data Engineering,13,0.61
SS-OTH-20240822-001,Business Intelligence Analyst,Full-time,Other,4,Enterprise BI & Reporting,7,0.61
IND-DOR-20240331-001,Data Architect,Full-time,Dortmund,2,Cloud Data Engineering,10,0.61
SS-FRA-20241111-001,ML Engineer,Full-time,Frankfurt,2,Cloud Data Engineering,11,0.61
SS-MUN-20240311-001,Werkstudent Data Analytics,Werkstudent,Munich,1,Core Analytics & Student Entry,4,0.61
LI-MUN-20240804-001,Werkstudent Machine Learning,Werkstudent,Munich,4,Enterprise BI & Reporting,7,0.61
LI-MUN-20240828-001,ML Engineer,Full-time,Munich,4,Enterprise BI & Reporting,11,0.61
SS-MUN-20250223-001,Business Intelligence Analyst,Full-time,Munich,3,ML & Research,13,0.61
IND-HAM-20240109-001,Data Architect,Full-time,Hamburg,3,ML & Research,12,0.61
SS-MUN-20241221-001,Data Analyst,Full-time,Munich,3,ML & Research,12,0.61
SS-DOR-20250126-002,BI Engineer,Full-time,Dortmund,3,ML & Research,15,0.61
IND-BER-20240907-001,Senior Data Engineer,Full-time,Berlin,1,Core Analytics & Student Entry,9,0.61
SS-HAM-20241005-001,Praktikant Analytics,Praktikum,Hamburg,1,Core Analytics & Student Entry,7,0.61
LI-BER-20241213-001,Werkstudent Data Engineering,Werkstudent,Berlin,4,Enterprise BI & Reporting,9,0.61
SS-ESS-20240910-001,Praktikant Analytics,Praktikum,Essen,4,Enterprise BI & Reporting,8,0.61
SS-FRA-20250323-001,Senior Data Engineer,Full-time,Frankfurt,3,ML & Research,13,0.61
LI-BER-20240211-001,Werkstudent Data Engineering,Werkstudent,Berlin,1,Core Analytics & Student Entry,6,0.61
IND-MUN-20250111-001,Business Intelligence Analyst,Full-time,Munich,2,Cloud Data Engineering,13,0.61
SS-HAM-20240501-002,Business Intelligence Analyst,Full-time,Hamburg,3,ML & Research,13,0.61
SS-BER-20240214-001,Werkstudent Machine Learning,Werkstudent,Berlin,1,Core Analytics & Student Entry,8,0.61
SS-BER-20241203-001,ML Engineer,Full-time,Berlin,1,Core Analytics & Student Entry,5,0.61
SS-OTH-20241027-001,Werkstudent BI,Werkstudent,Other,4,Enterprise BI & Reporting,7,0.61
SS-LEI-20240429-001,Data Scientist,Full-time,Leipzig,2,Cloud Data Engineering,11,0.61
IND-HAM-20240522-001,Data Engineer,Full-time,Hamburg,3,ML & Research,14,0.61
IND-BER-20240725-001,Senior Data Analyst,Full-time,Berlin,2,Cloud Data Engineering,11,0.61
IND-BER-20240421-001,Business Intelligence Analyst,Full-time,Berlin,3,ML & Research,12,0.61
LI-BER-20240919-002,Werkstudent Machine Learning,Werkstudent,Berlin,4,Enterprise BI & Reporting,6,0.61
IND-OTH-20240911-001,Data Scientist,Full-time,Other,3,ML & Research,13,0.61
SS-BER-20240126-001,Praktikant Data Science,Praktikum,Berlin,1,Core Analytics & Student Entry,4,0.61
SS-MUN-20240313-003,Senior Data Analyst,Full-time,Munich,2,Cloud Data Engineering,11,0.61
IND-HAM-20240402-002,Analytics Engineer,Full-time,Hamburg,3,ML & Research,8,0.61
IND-COL-20240305-001,BI Engineer,Full-time,Cologne,3,ML & Research,14,0.61
IND-LEI-20240513-001,Business Intelligence Analyst,Full-time,Leipzig,2,Cloud Data Engineering,13,0.61
IND-HAM-20241015-001,Praktikant Business Intelligence,Praktikum,Hamburg,1,Core Analytics & Student Entry,9,0.61
IND-BER-20240315-001,ML Engineer,Full-time,Berlin,1,Core Analytics & Student Entry,6,0.61
LI-BER-20240829-001,Data Engineer,Full-time,Berlin,2,Cloud Data Engineering,9,0.61
IND-STU-20241225-001,Senior Data Engineer,Full-time,Stuttgart,2,Cloud Data Engineering,15,0.61
LI-HAM-20240122-001,Contract ML Engineer,Freelance/Contract,Hamburg,2,Cloud Data Engineering,10,0.61
SS-FRA-20240316-001,Senior Data Analyst,Full-time,Frankfurt,3,ML & Research,10,0.61
SS-OTH-20240505-001,Data Analyst,Full-time,Other,4,Enterprise BI & Reporting,8,0.61
SS-BER-20250302-001,Analytics Engineer,Full-time,Berlin,2,Cloud Data Engineering,14,0.61
LI-BER-20240918-001,Data Engineer,Full-time,Berlin,4,Enterprise BI & Reporting,8,0.61
SS-MUN-20240811-001,BI Engineer,Full-time,Munich,3,ML & Research,13,0.61
IND-HAM-20240423-001,Werkstudent BI,Werkstudent,Hamburg,1,Core Analytics & Student Entry,8,0.61
IND-BER-20240829-001,Senior Data Analyst,Full-time,Berlin,2,Cloud Data Engineering,17,0.61
LI-COL-20240924-001,ML Engineer,Full-time,Cologne,4,Enterprise BI & Reporting,8,0.61
LI-HAM-20241124-001,Werkstudent Machine Learning,Werkstudent,Hamburg,1,Core Analytics & Student Entry,7,0.61
IND-BER-20240519-001,Senior Data Analyst,Full-time,Berlin,2,Cloud Data Engineering,11,0.61
IND-MUN-20240209-002,Data Engineer,Full-time,Munich,2,Cloud Data Engineering,10,0.61
IND-HAM-20240619-001,Werkstudent Data Engineering,Werkstudent,Hamburg,1,Core Analytics & Student Entry,8,0.61
LI-FRA-20240409-001,Praktikant Data Analyst,Praktikum,Frankfurt,1,Core Analytics & Student Entry,7,0.61
LI-HAM-20240915-001,Praktikant Business Intelligence,Praktikum,Hamburg,3,ML & Research,14,0.61
LI-BER-20240406-001,Data Engineer,Full-time,Berlin,3,ML & Research,10,0.61
IND-ESS-20240715-001,BI Engineer,Full-time,Essen,3,ML & Research,9,0.61
SS-BER-20241029-002,Business Intelligence Analyst,Full-time,Berlin,3,ML & Research,14,0.61
SS-MUN-20241109-001,Praktikant Data Analyst,Praktikum,Munich,1,Core Analytics & Student Entry,10,0.61
IND-FRA-20241107-001,BI Engineer,Full-time,Frankfurt,1,Core Analytics & Student Entry,6,0.61
LI-FRA-20240213-001,Senior Data Analyst,Full-time,Frankfurt,3,ML & Research,8,0.61
SS-BER-20241222-001,Business Intelligence Analyst,Full-time,Berlin,2,Cloud Data Engineering,11,0.61
IND-MUN-20240220-003,Data Architect,Full-time,Munich,3,ML & Research,15,0.61
LI-MUN-20240531-001,ML Engineer,Full-time,Munich,1,Core Analytics & Student Entry,7,0.61
SS-FRA-20240623-001,ML Engineer,Full-time,Frankfurt,2,Cloud Data Engineering,10,0.61
LI-OTH-20240306-001,BI Engineer,Full-time,Other,3,ML & Research,13,0.61
IND-BER-20241231-001,Data Engineer,Full-time,Berlin,2,Cloud Data Engineering,14,0.61
SS-HAM-20240801-002,Data Scientist,Full-time,Hamburg,2,Cloud Data Engineering,13,0.61
LI-BER-20241030-001,Analytics Engineer,Full-time,Berlin,2,Cloud Data Engineering,13,0.61
LI-BER-20240831-001,Data Analyst,Full-time,Berlin,1,Core Analytics & Student Entry,8,0.61
SS-OTH-20240227-001,Werkstudent BI,Werkstudent,Other,2,Cloud Data Engineering,15,0.61
IND-FRA-20240117-001,Praktikant Business Intelligence,Praktikum,Frankfurt,1,Core Analytics & Student Entry,8,0.61
LI-ESS-20240807-001,Praktikant Analytics,Praktikum,Essen,1,Core Analytics & Student Entry,7,0.61
IND-BER-20241019-001,Praktikant Analytics,Praktikum,Berlin,2,Cloud Data Engineering,14,0.61
IND-MUN-20240503-001,Praktikant Data Analyst,Praktikum,Munich,1,Core Analytics & Student Entry,7,0.61
SS-MUN-20240408-001,Werkstudent Data Engineering,Werkstudent,Munich,1,Core Analytics & Student Entry,8,0.61
LI-OTH-20240106-001,Werkstudent Data Analytics,Werkstudent,Other,4,Enterprise BI & Reporting,7,0.61
IND-COL-20240517-001,Freelance Data Engineer,Freelance/Contract,Cologne,3,ML & Research,13,0.61
SS-DOR-20240226-001,Analytics Engineer,Full-time,Dortmund,2,Cloud Data Engineering,13,0.61
IND-BER-20250331-001,Praktikant Data Science,Praktikum,Berlin,1,Core Analytics & Student Entry,7,0.61
IND-COL-20240311-001,Werkstudent Data Engineering,Werkstudent,Cologne,2,Cloud Data Engineering,14,0.61
LI-DÜS-20241009-001,ML Engineer,Full-time,Düsseldorf,2,Cloud Data Engineering,16,0.61
SS-MUN-20250324-001,Senior Data Analyst,Full-time,Munich,3,ML & Research,13,0.61
SS-HAM-20240419-001,Senior Data Engineer,Full-time,Hamburg,4,Enterprise BI & Reporting,7,0.61
SS-COL-20240619-001,Werkstudent BI,Werkstudent,Cologne,3,ML & Research,13,0.61
IND-BER-20250319-002,BI Engineer,Full-time,Berlin,4,Enterprise BI & Reporting,5,0.61
SS-DOR-20241126-001,BI Engineer,Full-time,Dortmund,2,Cloud Data Engineering,13,0.61
LI-LEI-20240927-001,Praktikant Business Intelligence,Praktikum,Leipzig,1,Core Analytics & Student Entry,10,0.61
SS-COL-20240518-001,Werkstudent Data Science,Werkstudent,Cologne,1,Core Analytics & Student Entry,5,0.61
IND-MUN-20250109-001,Werkstudent Data Engineering,Werkstudent,Munich,1,Core Analytics & Student Entry,5,0.61
LI-STU-20240531-001,Data Analyst,Full-time,Stuttgart,1,Core Analytics & Student Entry,7,0.61
IND-HAM-20241011-001,Business Intelligence Analyst,Full-time,Hamburg,1,Core Analytics & Student Entry,6,0.61
IND-FRA-20241110-001,Data Scientist,Full-time,Frankfurt,4,Enterprise BI & Reporting,9,0.61
SS-MUN-20241216-001,Werkstudent Machine Learning,Werkstudent,Munich,1,Core Analytics & Student Entry,10,0.61
LI-MUN-20240619-001,Senior Data Analyst,Full-time,Munich,2,Cloud Data Engineering,13,0.61
SS-OTH-20240508-001,Business Intelligence Analyst,Full-time,Other,2,Cloud Data Engineering,10,0.61
IND-MUN-20250125-001,BI Engineer,Full-time,Munich,3,ML & Research,8,0.61
LI-FRA-20250323-001,Senior Data Analyst,Full-time,Frankfurt,3,ML & Research,13,0.61
SS-OTH-20240422-001,Data Analyst,Full-time,Other,2,Cloud Data Engineering,11,0.61
SS-HAM-20240221-001,Data Architect,Full-time,Hamburg,2,Cloud Data Engineering,10,0.61
IND-OTH-20241123-001,Data Engineer,Full-time,Other,1,Core Analytics & Student Entry,5,0.61
LI-HAM-20240827-001,Senior Data Engineer,Full-time,Hamburg,1,Core Analytics & Student Entry,8,0.61
LI-MUN-20241031-001,Praktikant Data Analyst,Praktikum,Munich,1,Core Analytics & Student Entry,9,0.61
IND-MUN-20240721-001,Senior Data Engineer,Full-time,Munich,4,Enterprise BI & Reporting,9,0.61
SS-MUN-20240324-001,Werkstudent BI,Werkstudent,Munich,1,Core Analytics & Student Entry,7,0.61
IND-FRA-20240226-001,Analytics Engineer,Full-time,Frankfurt,2,Cloud Data Engineering,12,0.61
LI-DOR-20240627-001,Business Intelligence Analyst,Full-time,Dortmund,2,Cloud Data Engineering,11,0.61
IND-MUN-20240623-001,Senior Data Analyst,Full-time,Munich,2,Cloud Data Engineering,10,0.61
SS-HAM-20250104-001,Business Intelligence Analyst,Full-time,Hamburg,3,ML & Research,13,0.61
SS-MUN-20240730-001,Analytics Engineer,Full-time,Munich,4,Enterprise BI & Reporting,10,0.61
SS-HAM-20240305-001,Praktikant Business Intelligence,Praktikum,Hamburg,1,Core Analytics & Student Entry,6,0.61
SS-MUN-20240323-001,Praktikant Data Science,Praktikum,Munich,3,ML & Research,13,0.61
IND-BER-20241108-001,Senior Data Engineer,Full-time,Berlin,2,Cloud Data Engineering,11,0.61
LI-MUN-20240729-001,Analytics Engineer,Full-time,Munich,3,ML & Research,12,0.61
SS-ESS-20240424-001,Data Architect,Full-time,Essen,4,Enterprise BI & Reporting,7,0.61
IND-MUN-20240614-001,Senior Data Analyst,Full-time,Munich,3,ML & Research,15,0.61
LI-FRA-20241230-001,BI Engineer,Full-time,Frankfurt,3,ML & Research,13,0.61
LI-HAM-20241225-001,Senior Data Analyst,Full-time,Hamburg,3,ML & Research,14,0.61
IND-MUN-20241021-001,Praktikant Data Analyst,Praktikum,Munich,1,Core Analytics & Student Entry,6,0.61
SS-BER-20240102-002,Werkstudent Machine Learning,Werkstudent,Berlin,4,Enterprise BI & Reporting,8,0.61
SS-BER-20240829-001,BI Engineer,Full-time,Berlin,1,Core Analytics & Student Entry,7,0.61
IND-MUN-20241118-001,Werkstudent Data Analytics,Werkstudent,Munich,2,Cloud Data Engineering,12,0.61
IND-OTH-20241212-001,Data Engineer,Full-time,Other,2,Cloud Data Engineering,16,0.61
LI-BER-20250204-001,Werkstudent Data Science,Werkstudent,Berlin,1,Core Analytics & Student Entry,6,0.61
IND-LEI-20240327-001,Praktikant Data Science,Praktikum,Leipzig,1,Core Analytics & Student Entry,5,0.61
LI-ESS-20240624-001,Senior Data Engineer,Full-time,Essen,2,Cloud Data Engineering,11,0.61
IND-BER-20241129-002,Senior Data Engineer,Full-time,Berlin,3,ML & Research,8,0.61
SS-OTH-20241229-001,BI Engineer,Full-time,Other,1,Core Analytics & Student Entry,7,0.61
SS-DÜS-20240605-001,Werkstudent BI,Werkstudent,Düsseldorf,4,Enterprise BI & Reporting,6,0.61
LI-STU-20240522-002,Praktikant Business Intelligence,Praktikum,Stuttgart,1,Core Analytics & Student Entry,8,0.61
SS-OTH-20250314-001,Werkstudent Data Engineering,Werkstudent,Other,1,Core Analytics & Student Entry,7,0.61
SS-STU-20241125-001,Senior Data Engineer,Full-time,Stuttgart,2,Cloud Data Engineering,12,0.61
SS-MUN-20240326-001,Senior Data Analyst,Full-time,Munich,2,Cloud Data Engineering,12,0.61
IND-MUN-20240130-001,Praktikant Business Intelligence,Praktikum,Munich,1,Core Analytics & Student Entry,7,0.61
SS-DOR-20240125-001,Senior Data Engineer,Full-time,Dortmund,1,Core Analytics & Student Entry,7,0.61
SS-DOR-20240430-001,Praktikant Data Analyst,Praktikum,Dortmund,1,Core Analytics & Student Entry,5,0.61
IND-BER-20241223-001,Data Engineer,Full-time,Berlin,1,Core Analytics & Student Entry,6,0.61
LI-FRA-20240413-001,Werkstudent Data Science,Werkstudent,Frankfurt,1,Core Analytics & Student Entry,4,0.61
IND-BER-20241226-002,Data Analyst,Full-time,Berlin,2,Cloud Data Engineering,15,0.61
LI-STU-20241126-001,Data Architect,Full-time,Stuttgart,1,Core Analytics & Student Entry,6,0.61
SS-HAM-20241222-001,Werkstudent Data Analytics,Werkstudent,Hamburg,2,Cloud Data Engineering,12,0.61
LI-BER-20241005-002,Data Analyst,Full-time,Berlin,1,Core Analytics & Student Entry,10,0.61
SS-HAM-20250129-001,Data Analyst,Full-time,Hamburg,2,Cloud Data Engineering,14,0.61
SS-FRA-20240825-001,Werkstudent Data Analytics,Werkstudent,Frankfurt,1,Core Analytics & Student Entry,8,0.61
LI-MUN-20250131-001,Data Architect,Full-time,Munich,2,Cloud Data Engineering,10,0.61
LI-MUN-20240310-001,Werkstudent Data Analytics,Werkstudent,Munich,4,Enterprise BI & Reporting,7,0.61
LI-BER-20240726-001,ML Engineer,Full-time,Berlin,2,Cloud Data Engineering,13,0.61
IND-BER-20240701-001,Data Engineer,Full-time,Berlin,2,Cloud Data Engineering,9,0.61
IND-MUN-20240211-001,Werkstudent Machine Learning,Werkstudent,Munich,1,Core Analytics & Student Entry,6,0.61
IND-BER-20241129-001,Werkstudent Data Analytics,Werkstudent,Berlin,1,Core Analytics & Student Entry,4,0.61
IND-HAM-20250329-001,Werkstudent Machine Learning,Werkstudent,Hamburg,1,Core Analytics & Student Entry,6,0.61
LI-ESS-20240307-001,Senior Data Engineer,Full-time,Essen,3,ML & Research,12,0.61
IND-MUN-20240810-001,Business Intelligence Analyst,Full-time,Munich,3,ML & Research,12,0.61
SS-BER-20240506-001,Analytics Engineer,Full-time,Berlin,3,ML & Research,16,0.61
SS-MUN-20240107-002,Data Analyst,Full-time,Munich,2,Cloud Data Engineering,11,0.61
IND-BER-20250110-003,Praktikant Business Intelligence,Praktikum,Berlin,1,Core Analytics & Student Entry,7,0.61
IND-BER-20240702-001,Werkstudent Data Science,Werkstudent,Berlin,1,Core Analytics & Student Entry,8,0.61
IND-BER-20250223-001,Werkstudent BI,Werkstudent,Berlin,1,Core Analytics & Student Entry,10,0.61
SS-DOR-20240529-001,Data Scientist,Full-time,Dortmund,2,Cloud Data Engineering,13,0.61
SS-ESS-20241110-002,Data Engineer,Full-time,Essen,4,Enterprise BI & Reporting,5,0.61
SS-MUN-20250227-001,Freelance Data Engineer,Freelance/Contract,Munich,3,ML & Research,13,0.61
LI-COL-20240806-001,Data Engineer,Full-time,Cologne,2,Cloud Data Engineering,10,0.61
IND-OTH-20240814-001,Senior Data Engineer,Full-time,Other,4,Enterprise BI & Reporting,5,0.61
IND-HAM-20250112-001,Senior Data Engineer,Full-time,Hamburg,1,Core Analytics & Student Entry,6,0.61
IND-MUN-20240509-001,Data Engineer,Full-time,Munich,3,ML & Research,11,0.61
LI-HAM-20240119-001,Data Engineer,Full-time,Hamburg,2,Cloud Data Engineering,14,0.61
SS-MUN-20240804-001,Werkstudent Machine Learning,Werkstudent,Munich,1,Core Analytics & Student Entry,7,0.61
IND-STU-20250309-001,Data Scientist,Full-time,Stuttgart,4,Enterprise BI & Reporting,10,0.61
SS-STU-20241016-001,Praktikant Data Analyst,Praktikum,Stuttgart,1,Core Analytics & Student Entry,6,0.61
IND-ESS-20240330-001,Business Intelligence Analyst,Full-time,Essen,4,Enterprise BI & Reporting,9,0.61
IND-MUN-20250203-001,Praktikant Data Analyst,Praktikum,Munich,1,Core Analytics & Student Entry,7,0.61
IND-STU-20240927-001,Data Scientist,Full-time,Stuttgart,2,Cloud Data Engineering,11,0.61
SS-BER-20240707-001,Data Scientist,Full-time,Berlin,1,Core Analytics & Student Entry,7,0.61
LI-BER-20250207-001,Freelance BI Consultant,Freelance/Contract,Berlin,1,Core Analytics & Student Entry,8,0.61
SS-MUN-20250305-001,Werkstudent BI,Werkstudent,Munich,1,Core Analytics & Student Entry,5,0.61
IND-DOR-20240817-001,Data Scientist,Full-time,Dortmund,4,Enterprise BI & Reporting,7,0.61
SS-DOR-20240312-001,Senior Data Analyst,Full-time,Dortmund,3,ML & Research,14,0.61
SS-MUN-20241130-001,Werkstudent BI,Werkstudent,Munich,1,Core Analytics & Student Entry,10,0.61
LI-ESS-20241130-001,Werkstudent Data Engineering,Werkstudent,Essen,2,Cloud Data Engineering,9,0.61
SS-BER-20240904-001,Business Intelligence Analyst,Full-time,Berlin,2,Cloud Data Engineering,10,0.61
IND-HAM-20240416-001,Praktikant Business Intelligence,Praktikum,Hamburg,1,Core Analytics & Student Entry,8,0.61
IND-OTH-20250112-001,Praktikant Business Intelligence,Praktikum,Other,1,Core Analytics & Student Entry,11,0.61
IND-MUN-20240218-001,Contract Data Analyst,Freelance/Contract,Munich,1,Core Analytics & Student Entry,9,0.61
LI-FRA-20240321-001,BI Engineer,Full-time,Frankfurt,3,ML & Research,12,0.61
SS-HAM-20240731-001,Werkstudent Data Engineering,Werkstudent,Hamburg,1,Core Analytics & Student Entry,6,0.61
IND-FRA-20240422-001,Werkstudent Data Analytics,Werkstudent,Frankfurt,1,Core Analytics & Student Entry,5,0.61
IND-ESS-20240225-001,Werkstudent Data Analytics,Werkstudent,Essen,1,Core Analytics & Student Entry,7,0.61
SS-BER-20250311-003,Werkstudent Machine Learning,Werkstudent,Berlin,3,ML & Research,10,0.61
SS-MUN-20240511-001,Praktikant Business Intelligence,Praktikum,Munich,1,Core Analytics & Student Entry,8,0.61
IND-STU-20250116-001,Praktikant Data Science,Praktikum,Stuttgart,1,Core Analytics & Student Entry,5,0.61
SS-MUN-20240428-001,ML Engineer,Full-time,Munich,3,ML & Research,15,0.61
SS-ESS-20240621-001,Business Intelligence Analyst,Full-time,Essen,3,ML & Research,10,0.61
SS-MUN-20241201-002,Data Engineer,Full-time,Munich,4,Enterprise BI & Reporting,9,0.61
IND-MUN-20240517-001,Senior Data Engineer,Full-time,Munich,2,Cloud Data Engineering,8,0.61
SS-BER-20250311-004,Data Analyst,Full-time,Berlin,4,Enterprise BI & Reporting,8,0.61
IND-MUN-20240920-001,Werkstudent Machine Learning,Werkstudent,Munich,1,Core Analytics & Student Entry,9,0.61
LI-MUN-20240925-002,Senior Data Analyst,Full-time,Munich,2,Cloud Data Engineering,16,0.61
IND-HAM-20240209-001,Werkstudent Machine Learning,Werkstudent,Hamburg,1,Core Analytics & Student Entry,7,0.61
IND-MUN-20240331-001,Werkstudent Machine Learning,Werkstudent,Munich,4,Enterprise BI & Reporting,7,0.61
LI-MUN-20240307-001,Data Scientist,Full-time,Munich,3,ML & Research,9,0.61
SS-DOR-20241005-001,Data Analyst,Full-time,Dortmund,3,ML & Research,11,0.61
IND-HAM-20241118-001,Senior Data Analyst,Full-time,Hamburg,3,ML & Research,16,0.61
LI-HAM-20241214-001,Senior Data Analyst,Full-time,Hamburg,1,Core Analytics & Student Entry,8,0.61
SS-STU-20250301-001,Data Analyst,Full-time,Stuttgart,4,Enterprise BI & Reporting,10,0.61
SS-MUN-20241002-001,Senior Data Analyst,Full-time,Munich,1,Core Analytics & Student Entry,7,0.61
IND-MUN-20240108-001,Data Analyst,Full-time,Munich,3,ML & Research,11,0.61
SS-MUN-20250317-001,Data Engineer,Full-time,Munich,4,Enterprise BI & Reporting,8,0.61
IND-COL-20241110-001,Business Intelligence Analyst,Full-time,Cologne,1,Core Analytics & Student Entry,8,0.61
LI-MUN-20240410-001,Data Engineer,Full-time,Munich,3,ML & Research,11,0.61
SS-BER-20240806-001,ML Engineer,Full-time,Berlin,3,ML & Research,15,0.61
SS-BER-20241220-001,Analytics Engineer,Full-time,Berlin,3,ML & Research,9,0.61
IND-MUN-20240925-001,ML Engineer,Full-time,Munich,3,ML & Research,10,0.61
IND-MUN-20240506-001,Senior Data Engineer,Full-time,Munich,1,Core Analytics & Student Entry,9,0.61
LI-BER-20240105-001,Senior Data Engineer,Full-time,Berlin,4,Enterprise BI & Reporting,8,0.61
LI-BER-20240910-001,Contract Data Analyst,Freelance/Contract,Berlin,4,Enterprise BI & Reporting,9,0.61
LI-LEI-20241226-001,Data Architect,Full-time,Leipzig,2,Cloud Data Engineering,11,0.61
IND-MUN-20240303-002,Analytics Engineer,Full-time,Munich,2,Cloud Data Engineering,8,0.61
LI-BER-20241224-002,Werkstudent Machine Learning,Werkstudent,Berlin,1,Core Analytics & Student Entry,8,0.61
IND-MUN-20250113-001,Senior Data Analyst,Full-time,Munich,1,Core Analytics & Student Entry,6,0.61
IND-OTH-20240909-001,Senior Data Engineer,Full-time,Other,2,Cloud Data Engineering,13,0.61
LI-FRA-20250120-002,Data Analyst,Full-time,Frankfurt,3,ML & Research,13,0.61
IND-BER-20240413-001,ML Engineer,Full-time,Berlin,2,Cloud Data Engineering,11,0.61
SS-BER-20241001-001,Werkstudent Data Engineering,Werkstudent,Berlin,3,ML & Research,14,0.61
IND-BER-20240221-001,Freelance BI Consultant,Freelance/Contract,Berlin,2,Cloud Data Engineering,13,0.61
SS-BER-20240423-001,Data Analyst,Full-time,Berlin,2,Cloud Data Engineering,21,0.61
IND-MUN-20240304-002,Freelance Data Engineer,Freelance/Contract,Munich,3,ML & Research,10,0.61
SS-COL-20240406-002,BI Engineer,Full-time,Cologne,1,Core Analytics & Student Entry,6,0.61
LI-HAM-20240120-001,ML Engineer,Full-time,Hamburg,2,Cloud Data Engineering,11,0.61
IND-MUN-20240701-001,Data Architect,Full-time,Munich,3,ML & Research,11,0.61
LI-OTH-20240307-001,Werkstudent BI,Werkstudent,Other,1,Core Analytics & Student Entry,9,0.61
LI-BER-20250219-001,Werkstudent Data Analytics,Werkstudent,Berlin,3,ML & Research,9,0.61
SS-ESS-20250224-001,Senior Data Engineer,Full-time,Essen,2,Cloud Data Engineering,15,0.61
IND-BER-20240802-001,Werkstudent Data Engineering,Werkstudent,Berlin,1,Core Analytics & Student Entry,6,0.61
LI-FRA-20240517-001,Business Intelligence Analyst,Full-time,Frankfurt,1,Core Analytics & Student Entry,5,0.61
IND-BER-20240329-002,Data Engineer,Full-time,Berlin,2,Cloud Data Engineering,14,0.61
IND-DOR-20250205-001,Werkstudent BI,Werkstudent,Dortmund,1,Core Analytics & Student Entry,9,0.61
SS-COL-20240930-001,Praktikant Analytics,Praktikum,Cologne,1,Core Analytics & Student Entry,6,0.61
SS-MUN-20250103-001,Praktikant Business Intelligence,Praktikum,Munich,1,Core Analytics & Student Entry,6,0.61
IND-HAM-20241217-002,Data Analyst,Full-time,Hamburg,3,ML & Research,10,0.61
SS-HAM-20240528-001,Data Analyst,Full-time,Hamburg,3,ML & Research,9,0.61
SS-MUN-20240113-001,Werkstudent Data Engineering,Werkstudent,Munich,1,Core Analytics & Student Entry,8,0.61
IND-COL-20250323-001,Business Intelligence Analyst,Full-time,Cologne,3,ML & Research,9,0.61
SS-BER-20240930-001,Data Engineer,Full-time,Berlin,1,Core Analytics & Student Entry,10,0.61
SS-STU-20240811-001,Data Scientist,Full-time,Stuttgart,3,ML & Research,14,0.61
IND-BER-20240531-002,Data Engineer,Full-time,Berlin,3,ML & Research,10,0.61
IND-LEI-20240517-001,Werkstudent BI,Werkstudent,Leipzig,2,Cloud Data Engineering,10,0.61
IND-MUN-20240928-001,Praktikant Data Science,Praktikum,Munich,1,Core Analytics & Student Entry,8,0.61
IND-BER-20241006-001,Analytics Engineer,Full-time,Berlin,4,Enterprise BI & Reporting,10,0.61
IND-COL-20240328-001,Werkstudent BI,Werkstudent,Cologne,1,Core Analytics & Student Entry,6,0.61
SS-MUN-20241101-001,Werkstudent Data Analytics,Werkstudent,Munich,1,Core Analytics & Student Entry,9,0.61
SS-MUN-20240814-002,Praktikant Business Intelligence,Praktikum,Munich,3,ML & Research,12,0.61
SS-DOR-20240916-003,Business Intelligence Analyst,Full-time,Dortmund,4,Enterprise BI & Reporting,9,0.61
SS-BER-20240821-001,Senior Data Analyst,Full-time,Berlin,2,Cloud Data Engineering,12,0.61
LI-ESS-20240211-001,Data Architect,Full-time,Essen,4,Enterprise BI & Reporting,9,0.61
SS-HAM-20240518-001,Senior Data Engineer,Full-time,Hamburg,2,Cloud Data Engineering,9,0.61
SS-FRA-20240507-001,Business Intelligence Analyst,Full-time,Frankfurt,3,ML & Research,11,0.61
SS-DOR-20250317-001,Business Intelligence Analyst,Full-time,Dortmund,2,Cloud Data Engineering,12,0.61
SS-MUN-20240908-001,Analytics Engineer,Full-time,Munich,2,Cloud Data Engineering,13,0.61
IND-FRA-20250109-001,Data Architect,Full-time,Frankfurt,1,Core Analytics & Student Entry,9,0.61
SS-BER-20240604-002,Business Intelligence Analyst,Full-time,Berlin,2,Cloud Data Engineering,11,0.61
IND-MUN-20250303-002,Analytics Engineer,Full-time,Munich,2,Cloud Data Engineering,11,0.61
SS-COL-20240327-001,Praktikant Data Science,Praktikum,Cologne,1,Core Analytics & Student Entry,7,0.61
SS-BER-20240825-002,Data Architect,Full-time,Berlin,1,Core Analytics & Student Entry,8,0.61
IND-LEI-20240824-001,BI Engineer,Full-time,Leipzig,3,ML & Research,13,0.61
SS-OTH-20241006-001,Werkstudent BI,Werkstudent,Other,1,Core Analytics & Student Entry,9,0.61
IND-COL-20240127-001,Werkstudent BI,Werkstudent,Cologne,1,Core Analytics & Student Entry,8,0.61
LI-MUN-20240621-002,Business Intelligence Analyst,Full-time,Munich,4,Enterprise BI & Reporting,8,0.61
IND-ESS-20250123-001,Praktikant Analytics,Praktikum,Essen,1,Core Analytics & Student Entry,6,0.61
IND-FRA-20240607-001,Werkstudent BI,Werkstudent,Frankfurt,2,Cloud Data Engineering,11,0.61
LI-FRA-20240803-001,Werkstudent Data Science,Werkstudent,Frankfurt,3,ML & Research,14,0.61
SS-MUN-20240913-001,Data Scientist,Full-time,Munich,2,Cloud Data Engineering,15,0.61
IND-BER-20240206-001,BI Engineer,Full-time,Berlin,3,ML & Research,12,0.61
SS-BER-20240509-001,Contract Data Analyst,Freelance/Contract,Berlin,2,Cloud Data Engineering,14,0.61
IND-STU-20250314-001,Praktikant Analytics,Praktikum,Stuttgart,1,Core Analytics & Student Entry,8,0.61
SS-MUN-20240220-001,Senior Data Engineer,Full-time,Munich,2,Cloud Data Engineering,12,0.61
LI-MUN-20241119-002,Analytics Engineer,Full-time,Munich,4,Enterprise BI & Reporting,7,0.61
SS-MUN-20250222-001,Senior Data Analyst,Full-time,Munich,2,Cloud Data Engineering,11,0.61
IND-HAM-20250331-001,Analytics Engineer,Full-time,Hamburg,3,ML & Research,16,0.61
LI-FRA-20240331-001,Freelance BI Consultant,Freelance/Contract,Frankfurt,1,Core Analytics & Student Entry,9,0.61
SS-ESS-20250304-001,Werkstudent Data Engineering,Werkstudent,Essen,2,Cloud Data Engineering,12,0.61
SS-FRA-20241202-001,Analytics Engineer,Full-time,Frankfurt,4,Enterprise BI & Reporting,7,0.61
SS-MUN-20240417-001,Senior Data Analyst,Full-time,Munich,2,Cloud Data Engineering,12,0.61
IND-DOR-20240502-001,Senior Data Analyst,Full-time,Dortmund,3,ML & Research,13,0.61
SS-HAM-20240402-001,Contract Data Analyst,Freelance/Contract,Hamburg,4,Enterprise BI & Reporting,8,0.61
LI-FRA-20240311-001,ML Engineer,Full-time,Frankfurt,3,ML & Research,14,0.61
IND-BER-20240202-002,Analytics Engineer,Full-time,Berlin,4,Enterprise BI & Reporting,11,0.61
SS-HAM-20250212-001,BI Engineer,Full-time,Hamburg,1,Core Analytics & Student Entry,4,0.61
SS-DOR-20240119-001,Contract ML Engineer,Freelance/Contract,Dortmund,2,Cloud Data Engineering,13,0.61
IND-HAM-20241207-001,Praktikant Business Intelligence,Praktikum,Hamburg,1,Core Analytics & Student Entry,9,0.61
LI-COL-20240802-001,Senior Data Analyst,Full-time,Cologne,2,Cloud Data Engineering,13,0.61
LI-FRA-20240708-001,Business Intelligence Analyst,Full-time,Frankfurt,4,Enterprise BI & Reporting,8,0.61
LI-FRA-20240328-001,Senior Data Engineer,Full-time,Frankfurt,3,ML & Research,12,0.61
IND-OTH-20241120-001,Praktikant Data Analyst,Praktikum,Other,4,Enterprise BI & Reporting,10,0.61
IND-HAM-20240204-001,Analytics Engineer,Full-time,Hamburg,2,Cloud Data Engineering,12,0.61
SS-MUN-20240219-001,ML Engineer,Full-time,Munich,4,Enterprise BI & Reporting,8,0.61
LI-COL-20240510-001,ML Engineer,Full-time,Cologne,1,Core Analytics & Student Entry,6,0.61
SS-LEI-20240926-001,Contract ML Engineer,Freelance/Contract,Leipzig,1,Core Analytics & Student Entry,7,0.61
IND-BER-20240209-001,Senior Data Analyst,Full-time,Berlin,2,Cloud Data Engineering,8,0.61
SS-OTH-20240614-001,Praktikant Analytics,Praktikum,Other,1,Core Analytics & Student Entry,9,0.61
SS-BER-20250201-001,Analytics Engineer,Full-time,Berlin,2,Cloud Data Engineering,13,0.61
SS-OTH-20240111-001,Business Intelligence Analyst,Full-time,Other,2,Cloud Data Engineering,14,0.61
SS-MUN-20240711-001,Data Architect,Full-time,Munich,4,Enterprise BI & Reporting,9,0.61
IND-BER-20240408-001,Analytics Engineer,Full-time,Berlin,3,ML & Research,10,0.61
LI-ESS-20240723-001,ML Engineer,Full-time,Essen,2,Cloud Data Engineering,13,0.61
SS-BER-20240718-002,Data Architect,Full-time,Berlin,2,Cloud Data Engineering,14,0.61
IND-BER-20240715-001,Data Analyst,Full-time,Berlin,2,Cloud Data Engineering,12,0.61
LI-HAM-20241231-002,Data Architect,Full-time,Hamburg,4,Enterprise BI & Reporting,8,0.61
IND-BER-20250219-002,Werkstudent Data Science,Werkstudent,Berlin,3,ML & Research,13,0.61
LI-BER-20240729-001,Werkstudent Data Science,Werkstudent,Berlin,1,Core Analytics & Student Entry,9,0.61
SS-BER-20240213-002,Analytics Engineer,Full-time,Berlin,2,Cloud Data Engineering,14,0.61
SS-BER-20240905-001,Praktikant Business Intelligence,Praktikum,Berlin,1,Core Analytics & Student Entry,8,0.61
SS-MUN-20240903-001,Business Intelligence Analyst,Full-time,Munich,3,ML & Research,12,0.61
IND-DOR-20240613-001,Praktikant Analytics,Praktikum,Dortmund,3,ML & Research,12,0.61
IND-DOR-20240729-001,Analytics Engineer,Full-time,Dortmund,2,Cloud Data Engineering,10,0.61
SS-LEI-20240114-001,Praktikant Business Intelligence,Praktikum,Leipzig,1,Core Analytics & Student Entry,4,0.61
SS-DOR-20250113-001,Contract Data Analyst,Freelance/Contract,Dortmund,4,Enterprise BI & Reporting,9,0.61
IND-OTH-20240908-001,Data Architect,Full-time,Other,2,Cloud Data Engineering,11,0.61
LI-MUN-20240722-002,Analytics Engineer,Full-time,Munich,3,ML & Research,9,0.61
SS-OTH-20240223-001,Data Scientist,Full-time,Other,3,ML & Research,13,0.61
IND-ESS-20240419-001,BI Engineer,Full-time,Essen,2,Cloud Data Engineering,9,0.61
SS-HAM-20240131-001,Werkstudent Data Analytics,Werkstudent,Hamburg,1,Core Analytics & Student Entry,8,0.61
IND-MUN-20240304-001,Contract ML Engineer,Freelance/Contract,Munich,2,Cloud Data Engineering,12,0.61
IND-FRA-20240531-001,Data Scientist,Full-time,Frankfurt,3,ML & Research,11,0.61
IND-BER-20241115-001,Senior Data Engineer,Full-time,Berlin,2,Cloud Data Engineering,14,0.61
SS-BER-20250329-002,Analytics Engineer,Full-time,Berlin,3,ML & Research,11,0.61
SS-BER-20240604-001,Werkstudent Data Analytics,Werkstudent,Berlin,2,Cloud Data Engineering,13,0.61
LI-BER-20240413-001,Praktikant Analytics,Praktikum,Berlin,2,Cloud Data Engineering,15,0.61
SS-BER-20240708-001,Freelance Data Engineer,Freelance/Contract,Berlin,1,Core Analytics & Student Entry,9,0.61
LI-BER-20240924-001,Praktikant Data Analyst,Praktikum,Berlin,3,ML & Research,9,0.61
LI-OTH-20240204-001,Data Engineer,Full-time,Other,2,Cloud Data Engineering,11,0.61
LI-ESS-20241118-001,Data Architect,Full-time,Essen,1,Core Analytics & Student Entry,6,0.61
LI-MUN-20241211-001,Senior Data Engineer,Full-time,Munich,1,Core Analytics & Student Entry,8,0.61
SS-COL-20240601-001,Analytics Engineer,Full-time,Cologne,2,Cloud Data Engineering,14,0.61
SS-BER-20240401-001,Werkstudent BI,Werkstudent,Berlin,1,Core Analytics & Student Entry,9,0.61
SS-BER-20240825-003,Data Engineer,Full-time,Berlin,2,Cloud Data Engineering,11,0.61
SS-DOR-20240423-001,Analytics Engineer,Full-time,Dortmund,2,Cloud Data Engineering,11,0.61
LI-MUN-20241118-002,ML Engineer,Full-time,Munich,2,Cloud Data Engineering,10,0.61
LI-FRA-20240727-001,Data Architect,Full-time,Frankfurt,1,Core Analytics & Student Entry,9,0.61
IND-MUN-20240118-001,Praktikant Business Intelligence,Praktikum,Munich,1,Core Analytics & Student Entry,9,0.61
SS-BER-20240525-002,Business Intelligence Analyst,Full-time,Berlin,3,ML & Research,11,0.61
SS-DOR-20240515-001,Data Engineer,Full-time,Dortmund,3,ML & Research,12,0.61
SS-MUN-20240430-001,Werkstudent Data Engineering,Werkstudent,Munich,1,Core Analytics & Student Entry,8,0.61
LI-DOR-20241102-001,Data Analyst,Full-time,Dortmund,3,ML & Research,7,0.61
SS-COL-20240612-001,Werkstudent Machine Learning,Werkstudent,Cologne,1,Core Analytics & Student Entry,7,0.61
LI-STU-20241224-001,Praktikant Analytics,Praktikum,Stuttgart,1,Core Analytics & Student Entry,9,0.61
SS-MUN-20250128-001,Praktikant Data Analyst,Praktikum,Munich,1,Core Analytics & Student Entry,9,0.61
LI-BER-20240228-001,Praktikant Data Analyst,Praktikum,Berlin,1,Core Analytics & Student Entry,9,0.61
LI-MUN-20240724-001,Senior Data Engineer,Full-time,Munich,3,ML & Research,14,0.61
IND-BER-20241130-001,Freelance Data Engineer,Freelance/Contract,Berlin,4,Enterprise BI & Reporting,7,0.61
IND-ESS-20240502-001,Data Analyst,Full-time,Essen,2,Cloud Data Engineering,11,0.61
LI-OTH-20241118-001,BI Engineer,Full-time,Other,3,ML & Research,9,0.61
SS-ESS-20241213-001,ML Engineer,Full-time,Essen,4,Enterprise BI & Reporting,9,0.61
IND-BER-20240907-002,ML Engineer,Full-time,Berlin,2,Cloud Data Engineering,13,0.61
IND-HAM-20241023-001,Contract Data Analyst,Freelance/Contract,Hamburg,4,Enterprise BI & Reporting,8,0.61
LI-MUN-20241224-001,Data Engineer,Full-time,Munich,1,Core Analytics & Student Entry,8,0.61
LI-HAM-20240409-001,BI Engineer,Full-time,Hamburg,1,Core Analytics & Student Entry,10,0.61
IND-MUN-20241130-001,Business Intelligence Analyst,Full-time,Munich,2,Cloud Data Engineering,12,0.61
IND-HAM-20240628-002,Praktikant Analytics,Praktikum,Hamburg,1,Core Analytics & Student Entry,5,0.61
IND-FRA-20240517-001,Werkstudent Data Analytics,Werkstudent,Frankfurt,2,Cloud Data Engineering,12,0.61
IND-BER-20250321-001,Data Architect,Full-time,Berlin,2,Cloud Data Engineering,15,0.61
IND-FRA-20240515-001,Werkstudent Data Analytics,Werkstudent,Frankfurt,1,Core Analytics & Student Entry,6,0.61
LI-MUN-20250206-001,Werkstudent Data Engineering,Werkstudent,Munich,1,Core Analytics & Student Entry,6,0.61
LI-HAM-20241011-001,Data Architect,Full-time,Hamburg,2,Cloud Data Engineering,9,0.61
IND-BER-20240121-001,Data Analyst,Full-time,Berlin,1,Core Analytics & Student Entry,8,0.61
SS-ESS-20240402-001,Werkstudent Machine Learning,Werkstudent,Essen,1,Core Analytics & Student Entry,5,0.61
LI-BER-20240320-002,ML Engineer,Full-time,Berlin,2,Cloud Data Engineering,12,0.61
SS-MUN-20241021-001,Werkstudent Data Science,Werkstudent,Munich,1,Core Analytics & Student Entry,7,0.61
SS-COL-20240406-001,Praktikant Data Analyst,Praktikum,Cologne,1,Core Analytics & Student Entry,7,0.61
SS-MUN-20240623-001,Werkstudent Machine Learning,Werkstudent,Munich,1,Core Analytics & Student Entry,8,0.61
SS-MUN-20240106-001,Praktikant Analytics,Praktikum,Munich,1,Core Analytics & Student Entry,6,0.61
LI-BER-20240819-001,Werkstudent Data Science,Werkstudent,Berlin,1,Core Analytics & Student Entry,8,0.61
SS-BER-20240522-001,Data Scientist,Full-time,Berlin,1,Core Analytics & Student Entry,6,0.61
LI-BER-20240525-001,Werkstudent Data Science,Werkstudent,Berlin,1,Core Analytics & Student Entry,7,0.61
SS-HAM-20240918-001,Business Intelligence Analyst,Full-time,Hamburg,3,ML & Research,11,0.61
IND-MUN-20250308-001,Analytics Engineer,Full-time,Munich,1,Core Analytics & Student Entry,4,0.61
LI-NUR-20240507-001,Analytics Engineer,Full-time,Nuremberg,3,ML & Research,13,0.61
LI-BER-20241222-002,Data Architect,Full-time,Berlin,2,Cloud Data Engineering,10,0.61
SS-STU-20250119-001,BI Engineer,Full-time,Stuttgart,2,Cloud Data Engineering,11,0.61
SS-HAM-20241209-001,Data Analyst,Full-time,Hamburg,4,Enterprise BI & Reporting,6,0.61
SS-ESS-20240711-001,Senior Data Engineer,Full-time,Essen,4,Enterprise BI & Reporting,11,0.61
LI-HAM-20241102-001,ML Engineer,Full-time,Hamburg,3,ML & Research,11,0.61
SS-MUN-20240516-001,Praktikant Analytics,Praktikum,Munich,3,ML & Research,12,0.61
LI-BER-20241101-002,BI Engineer,Full-time,Berlin,2,Cloud Data Engineering,10,0.61
LI-BER-20240514-003,ML Engineer,Full-time,Berlin,4,Enterprise BI & Reporting,7,0.61
SS-COL-20241224-001,Data Analyst,Full-time,Cologne,2,Cloud Data Engineering,17,0.61
IND-BER-20241009-001,Senior Data Analyst,Full-time,Berlin,2,Cloud Data Engineering,11,0.61
SS-BER-20240124-001,Senior Data Analyst,Full-time,Berlin,2,Cloud Data Engineering,13,0.61
SS-DÜS-20240127-001,Data Analyst,Full-time,Düsseldorf,2,Cloud Data Engineering,10,0.61
IND-BER-20240219-001,Senior Data Analyst,Full-time,Berlin,1,Core Analytics & Student Entry,8,0.61
LI-MUN-20240531-002,Senior Data Engineer,Full-time,Munich,3,ML & Research,15,0.61
LI-COL-20240429-001,Analytics Engineer,Full-time,Cologne,2,Cloud Data Engineering,10,0.61
SS-COL-20241013-001,Freelance BI Consultant,Freelance/Contract,Cologne,1,Core Analytics & Student Entry,9,0.61
IND-STU-20240618-001,Werkstudent Data Science,Werkstudent,Stuttgart,3,ML & Research,11,0.61
IND-BER-20240126-002,Data Scientist,Full-time,Berlin,3,ML & Research,12,0.61
IND-MUN-20241014-002,Praktikant Data Science,Praktikum,Munich,1,Core Analytics & Student Entry,8,0.61
IND-DOR-20240719-001,BI Engineer,Full-time,Dortmund,3,ML & Research,11,0.61
LI-ESS-20241105-001,Freelance Data Engineer,Freelance/Contract,Essen,1,Core Analytics & Student Entry,6,0.61
IND-MUN-20241202-001,Praktikant Business Intelligence,Praktikum,Munich,1,Core Analytics & Student Entry,4,0.61
SS-FRA-20241017-001,Senior Data Engineer,Full-time,Frankfurt,4,Enterprise BI & Reporting,10,0.61
IND-HAM-20240822-002,ML Engineer,Full-time,Hamburg,2,Cloud Data Engineering,15,0.61
LI-ESS-20240521-001,Werkstudent Data Engineering,Werkstudent,Essen,3,ML & Research,10,0.61
IND-ESS-20241220-001,Werkstudent Data Engineering,Werkstudent,Essen,1,Core Analytics & Student Entry,5,0.61
IND-HAM-20240118-001,Data Architect,Full-time,Hamburg,1,Core Analytics & Student Entry,8,0.61
SS-HAM-20240530-001,Data Scientist,Full-time,Hamburg,3,ML & Research,12,0.61
SS-BER-20240227-001,Senior Data Analyst,Full-time,Berlin,2,Cloud Data Engineering,15,0.61
SS-ESS-20250221-001,Senior Data Engineer,Full-time,Essen,3,ML & Research,14,0.61
IND-MUN-20240429-001,Freelance BI Consultant,Freelance/Contract,Munich,2,Cloud Data Engineering,15,0.61
LI-FRA-20240207-001,Data Scientist,Full-time,Frankfurt,3,ML & Research,10,0.61
SS-COL-20240822-001,Senior Data Engineer,Full-time,Cologne,4,Enterprise BI & Reporting,6,0.61
SS-COL-20250223-001,Werkstudent Data Engineering,Werkstudent,Cologne,2,Cloud Data Engineering,13,0.61
LI-ESS-20240106-001,ML Engineer,Full-time,Essen,1,Core Analytics & Student Entry,6,0.61
IND-BER-20240210-001,Freelance Data Engineer,Freelance/Contract,Berlin,2,Cloud Data Engineering,12,0.61
IND-BER-20240105-003,Senior Data Engineer,Full-time,Berlin,4,Enterprise BI & Reporting,5,0.61
SS-MUN-20240919-001,Data Analyst,Full-time,Munich,3,ML & Research,8,0.61
LI-HAM-20241211-001,Data Architect,Full-time,Hamburg,3,ML & Research,12,0.61
LI-HAM-20240220-001,Data Analyst,Full-time,Hamburg,2,Cloud Data Engineering,14,0.61
SS-DOR-20250221-001,Werkstudent Machine Learning,Werkstudent,Dortmund,1,Core Analytics & Student Entry,7,0.61
IND-NUR-20241021-001,Senior Data Analyst,Full-time,Nuremberg,2,Cloud Data Engineering,13,0.61
LI-FRA-20250211-002,Data Analyst,Full-time,Frankfurt,1,Core Analytics & Student Entry,11,0.61
LI-FRA-20240429-001,ML Engineer,Full-time,Frankfurt,1,Core Analytics & Student Entry,6,0.61
SS-MUN-20240816-002,Werkstudent Data Engineering,Werkstudent,Munich,1,Core Analytics & Student Entry,6,0.61
SS-OTH-20240408-001,Analytics Engineer,Full-time,Other,2,Cloud Data Engineering,14,0.61
IND-MUN-20241220-001,Data Analyst,Full-time,Munich,3,ML & Research,11,0.61
IND-OTH-20250318-001,Werkstudent BI,Werkstudent,Other,1,Core Analytics & Student Entry,7,0.61
LI-MUN-20240625-001,BI Engineer,Full-time,Munich,3,ML & Research,14,0.61
SS-STU-20241112-001,Werkstudent Data Science,Werkstudent,Stuttgart,1,Core Analytics & Student Entry,8,0.61
SS-BER-20250303-002,Data Analyst,Full-time,Berlin,1,Core Analytics & Student Entry,6,0.61
IND-FRA-20250213-001,Analytics Engineer,Full-time,Frankfurt,1,Core Analytics & Student Entry,6,0.61
LI-OTH-20250123-001,Data Scientist,Full-time,Other,1,Core Analytics & Student Entry,8,0.61
SS-MUN-20241121-001,Praktikant Analytics,Praktikum,Munich,1,Core Analytics & Student Entry,6,0.61
SS-MUN-20250331-001,Werkstudent BI,Werkstudent,Munich,1,Core Analytics & Student Entry,7,0.61
IND-BER-20240901-001,Business Intelligence Analyst,Full-time,Berlin,1,Core Analytics & Student Entry,7,0.61
LI-DOR-20240303-001,Senior Data Engineer,Full-time,Dortmund,4,Enterprise BI & Reporting,9,0.61
IND-MUN-20250114-001,Analytics Engineer,Full-time,Munich,2,Cloud Data Engineering,17,0.61
SS-MUN-20250228-001,Data Analyst,Full-time,Munich,4,Enterprise BI & Reporting,8,0.61
SS-BER-20250214-001,Werkstudent Data Engineering,Werkstudent,Berlin,1,Core Analytics & Student Entry,7,0.61
LI-MUN-20250130-001,Freelance Data Engineer,Freelance/Contract,Munich,2,Cloud Data Engineering,9,0.61
SS-BER-20240706-001,Senior Data Analyst,Full-time,Berlin,2,Cloud Data Engineering,10,0.61
LI-BER-20240917-001,Analytics Engineer,Full-time,Berlin,1,Core Analytics & Student Entry,7,0.61
SS-STU-20240320-001,Praktikant Data Science,Praktikum,Stuttgart,1,Core Analytics & Student Entry,5,0.61
SS-HAM-20240425-001,Senior Data Engineer,Full-time,Hamburg,1,Core Analytics & Student Entry,8,0.61
IND-OTH-20240522-001,Data Analyst,Full-time,Other,1,Core Analytics & Student Entry,8,0.61
LI-MUN-20240626-001,Praktikant Analytics,Praktikum,Munich,1,Core Analytics & Student Entry,8,0.61
SS-MUN-20250219-003,Data Scientist,Full-time,Munich,3,ML & Research,12,0.61
LI-FRA-20250120-001,Senior Data Analyst,Full-time,Frankfurt,3,ML & Research,13,0.61
SS-NUR-20240211-001,Praktikant Data Analyst,Praktikum,Nuremberg,1,Core Analytics & Student Entry,5,0.61
LI-COL-20241024-001,Data Architect,Full-time,Cologne,3,ML & Research,11,0.61
LI-COL-20250220-001,Praktikant Data Analyst,Praktikum,Cologne,3,ML & Research,15,0.61
SS-BER-20250311-002,Data Analyst,Full-time,Berlin,2,Cloud Data Engineering,11,0.61
SS-MUN-20240929-001,Data Architect,Full-time,Munich,2,Cloud Data Engineering,13,0.61
IND-FRA-20240804-001,Werkstudent Data Science,Werkstudent,Frankfurt,1,Core Analytics & Student Entry,8,0.61
IND-MUN-20240419-001,Data Analyst,Full-time,Munich,2,Cloud Data Engineering,10,0.61
SS-HAM-20250218-001,Data Engineer,Full-time,Hamburg,4,Enterprise BI & Reporting,4,0.61
LI-BER-20240818-001,Praktikant Data Science,Praktikum,Berlin,1,Core Analytics & Student Entry,7,0.61
IND-MUN-20240125-003,Senior Data Analyst,Full-time,Munich,3,ML & Research,13,0.61
SS-HAM-20240628-001,Data Scientist,Full-time,Hamburg,2,Cloud Data Engineering,11,0.61
IND-MUN-20240704-001,Praktikant Data Analyst,Praktikum,Munich,4,Enterprise BI & Reporting,6,0.61
IND-BER-20241226-001,Praktikant Data Analyst,Praktikum,Berlin,1,Core Analytics & Student Entry,11,0.61
SS-BER-20241105-002,Senior Data Analyst,Full-time,Berlin,2,Cloud Data Engineering,9,0.61
SS-ESS-20240103-002,Data Scientist,Full-time,Essen,3,ML & Research,13,0.61
LI-DOR-20250212-001,Praktikant Data Science,Praktikum,Dortmund,1,Core Analytics & Student Entry,5,0.61
LI-FRA-20241001-002,Data Analyst,Full-time,Frankfurt,4,Enterprise BI & Reporting,10,0.61
SS-HAM-20240101-001,Data Analyst,Full-time,Hamburg,1,Core Analytics & Student Entry,10,0.61
SS-MUN-20240515-001,Werkstudent Data Analytics,Werkstudent,Munich,1,Core Analytics & Student Entry,9,0.61
IND-DOR-20250328-001,Contract Data Analyst,Freelance/Contract,Dortmund,1,Core Analytics & Student Entry,7,0.61
IND-COL-20250319-001,Data Analyst,Full-time,Cologne,2,Cloud Data Engineering,8,0.61
IND-BER-20240512-001,Praktikant Analytics,Praktikum,Berlin,1,Core Analytics & Student Entry,8,0.61
LI-COL-20240530-001,Data Analyst,Full-time,Cologne,2,Cloud Data Engineering,13,0.61
LI-ESS-20241230-001,Senior Data Analyst,Full-time,Essen,1,Core Analytics & Student Entry,3,0.61
IND-COL-20240719-001,Werkstudent BI,Werkstudent,Cologne,1,Core Analytics & Student Entry,10,0.61
IND-BER-20250301-001,Praktikant Data Science,Praktikum,Berlin,2,Cloud Data Engineering,15,0.61
SS-STU-20240606-001,Data Scientist,Full-time,Stuttgart,2,Cloud Data Engineering,12,0.61
LI-DOR-20240430-001,Data Scientist,Full-time,Dortmund,3,ML & Research,17,0.61
IND-MUN-20240413-001,BI Engineer,Full-time,Munich,1,Core Analytics & Student Entry,9,0.61
SS-HAM-20240816-001,Business Intelligence Analyst,Full-time,Hamburg,3,ML & Research,11,0.61
IND-STU-20240827-001,Werkstudent Data Engineering,Werkstudent,Stuttgart,4,Enterprise BI & Reporting,8,0.61
IND-ESS-20240306-001,Werkstudent Data Analytics,Werkstudent,Essen,1,Core Analytics & Student Entry,6,0.61
IND-BER-20240407-001,Data Analyst,Full-time,Berlin,3,ML & Research,12,0.61
LI-BER-20240421-001,Praktikant Analytics,Praktikum,Berlin,1,Core Analytics & Student Entry,7,0.61
SS-DOR-20241020-001,Business Intelligence Analyst,Full-time,Dortmund,2,Cloud Data Engineering,11,0.61
LI-LEI-20250103-001,Senior Data Analyst,Full-time,Leipzig,2,Cloud Data Engineering,12,0.61
IND-MUN-20241112-001,Analytics Engineer,Full-time,Munich,1,Core Analytics & Student Entry,8,0.61
SS-HAM-20240106-001,Senior Data Engineer,Full-time,Hamburg,2,Cloud Data Engineering,10,0.61
IND-NUR-20250105-001,ML Engineer,Full-time,Nuremberg,3,ML & Research,11,0.61
IND-BER-20240104-001,Senior Data Engineer,Full-time,Berlin,3,ML & Research,13,0.61
LI-FRA-20241001-001,Werkstudent Data Analytics,Werkstudent,Frankfurt,1,Core Analytics & Student Entry,6,0.61
LI-OTH-20250303-001,Praktikant Business Intelligence,Praktikum,Other,1,Core Analytics & Student Entry,8,0.61
SS-ESS-20240425-001,Analytics Engineer,Full-time,Essen,3,ML & Research,13,0.61
LI-MUN-20240130-001,Senior Data Analyst,Full-time,Munich,3,ML & Research,12,0.61
LI-FRA-20250211-001,Praktikant Data Analyst,Praktikum,Frankfurt,1,Core Analytics & Student Entry,8,0.61
IND-DOR-20250207-001,Senior Data Engineer,Full-time,Dortmund,1,Core Analytics & Student Entry,6,0.61
SS-OTH-20240824-002,Werkstudent BI,Werkstudent,Other,1,Core Analytics & Student Entry,5,0.61
LI-OTH-20241211-001,Analytics Engineer,Full-time,Other,3,ML & Research,16,0.61
IND-STU-20240213-001,Werkstudent Data Science,Werkstudent,Stuttgart,1,Core Analytics & Student Entry,9,0.61
LI-HAM-20240910-001,Data Analyst,Full-time,Hamburg,1,Core Analytics & Student Entry,7,0.61
SS-COL-20240801-001,Data Architect,Full-time,Cologne,2,Cloud Data Engineering,13,0.61
SS-FRA-20240723-001,Data Analyst,Full-time,Frankfurt,2,Cloud Data Engineering,12,0.61
IND-BER-20240105-001,Praktikant Business Intelligence,Praktikum,Berlin,1,Core Analytics & Student Entry,8,0.61
IND-NUR-20241204-001,BI Engineer,Full-time,Nuremberg,2,Cloud Data Engineering,11,0.61
LI-BER-20240320-003,Data Engineer,Full-time,Berlin,3,ML & Research,14,0.61
LI-COL-20240709-001,Werkstudent Data Engineering,Werkstudent,Cologne,2,Cloud Data Engineering,10,0.61
SS-MUN-20241128-001,Data Engineer,Full-time,Munich,4,Enterprise BI & Reporting,8,0.61
SS-BER-20240409-002,Werkstudent Machine Learning,Werkstudent,Berlin,3,ML & Research,11,0.61
SS-COL-20240218-001,ML Engineer,Full-time,Cologne,1,Core Analytics & Student Entry,5,0.61
IND-FRA-20241120-001,Data Analyst,Full-time,Frankfurt,3,ML & Research,10,0.61
IND-BER-20241213-001,Werkstudent Data Engineering,Werkstudent,Berlin,1,Core Analytics & Student Entry,10,0.61
SS-MUN-20240602-002,Werkstudent Data Science,Werkstudent,Munich,3,ML & Research,9,0.61
LI-HAM-20240520-001,Data Engineer,Full-time,Hamburg,4,Enterprise BI & Reporting,7,0.61
SS-HAM-20250308-002,Werkstudent BI,Werkstudent,Hamburg,3,ML & Research,14,0.61
IND-FRA-20240421-002,Data Scientist,Full-time,Frankfurt,2,Cloud Data Engineering,12,0.61
IND-HAM-20250128-001,Werkstudent Data Analytics,Werkstudent,Hamburg,1,Core Analytics & Student Entry,7,0.61
SS-HAM-20250115-001,Werkstudent Data Science,Werkstudent,Hamburg,1,Core Analytics & Student Entry,7,0.61
LI-BER-20241117-001,Werkstudent Data Engineering,Werkstudent,Berlin,1,Core Analytics & Student Entry,10,0.61
IND-MUN-20240601-001,Werkstudent Machine Learning,Werkstudent,Munich,4,Enterprise BI & Reporting,8,0.61
SS-BER-20250326-003,BI Engineer,Full-time,Berlin,2,Cloud Data Engineering,9,0.61
LI-HAM-20250331-001,Praktikant Data Analyst,Praktikum,Hamburg,1,Core Analytics & Student Entry,4,0.61
SS-BER-20240111-001,Senior Data Analyst,Full-time,Berlin,1,Core Analytics & Student Entry,6,0.61
IND-OTH-20240617-001,Werkstudent Data Science,Werkstudent,Other,3,ML & Research,11,0.61
LI-HAM-20250130-001,Werkstudent Data Analytics,Werkstudent,Hamburg,1,Core Analytics & Student Entry,8,0.61
SS-BER-20250323-001,Werkstudent Data Analytics,Werkstudent,Berlin,1,Core Analytics & Student Entry,8,0.61
IND-FRA-20240914-001,Werkstudent Data Analytics,Werkstudent,Frankfurt,1,Core Analytics & Student Entry,6,0.61
SS-FRA-20240525-001,Data Architect,Full-time,Frankfurt,3,ML & Research,11,0.61
SS-MUN-20250308-001,Data Scientist,Full-time,Munich,2,Cloud Data Engineering,13,0.61
SS-ESS-20250312-001,ML Engineer,Full-time,Essen,3,ML & Research,15,0.61
IND-BER-20250131-001,Data Architect,Full-time,Berlin,2,Cloud Data Engineering,13,0.61
LI-MUN-20240102-002,Werkstudent Data Engineering,Werkstudent,Munich,4,Enterprise BI & Reporting,10,0.61
SS-MUN-20250101-001,Business Intelligence Analyst,Full-time,Munich,4,Enterprise BI & Reporting,8,0.61
IND-FRA-20241103-004,ML Engineer,Full-time,Frankfurt,4,Enterprise BI & Reporting,9,0.61
LI-BER-20240520-001,ML Engineer,Full-time,Berlin,1,Core Analytics & Student Entry,8,0.61
IND-HAM-20240212-001,BI Engineer,Full-time,Hamburg,2,Cloud Data Engineering,6,0.61
LI-MUN-20240622-002,Praktikant Data Analyst,Praktikum,Munich,1,Core Analytics & Student Entry,5,0.61
SS-DÜS-20250308-001,Data Scientist,Full-time,Düsseldorf,4,Enterprise BI & Reporting,10,0.61
LI-OTH-20240905-001,Data Architect,Full-time,Other,4,Enterprise BI & Reporting,8,0.61
LI-HAM-20241209-001,Data Analyst,Full-time,Hamburg,2,Cloud Data Engineering,11,0.61
LI-ESS-20250131-001,Werkstudent Data Science,Werkstudent,Essen,2,Cloud Data Engineering,11,0.61
IND-COL-20250108-001,Data Scientist,Full-time,Cologne,1,Core Analytics & Student Entry,7,0.61
IND-DOR-20250323-001,Praktikant Analytics,Praktikum,Dortmund,1,Core Analytics & Student Entry,8,0.61
SS-OTH-20240803-001,Data Architect,Full-time,Other,3,ML & Research,14,0.61
SS-COL-20240402-001,Data Engineer,Full-time,Cologne,2,Cloud Data Engineering,14,0.61
LI-COL-20250326-001,Data Engineer,Full-time,Cologne,2,Cloud Data Engineering,12,0.61
IND-BER-20240709-001,Senior Data Engineer,Full-time,Berlin,2,Cloud Data Engineering,11,0.61
SS-ESS-20240121-001,Data Engineer,Full-time,Essen,2,Cloud Data Engineering,13,0.61
IND-BER-20240502-001,Analytics Engineer,Full-time,Berlin,1,Core Analytics & Student Entry,7,0.61
LI-BER-20240304-001,Werkstudent BI,Werkstudent,Berlin,1,Core Analytics & Student Entry,9,0.61
IND-OTH-20240303-001,Freelance Data Engineer,Freelance/Contract,Other,1,Core Analytics & Student Entry,8,0.61
SS-HAM-20250112-001,Praktikant Data Science,Praktikum,Hamburg,1,Core Analytics & Student Entry,5,0.61
IND-BER-20241103-001,Senior Data Analyst,Full-time,Berlin,3,ML & Research,15,0.61
SS-COL-20240919-001,ML Engineer,Full-time,Cologne,3,ML & Research,11,0.61
SS-MUN-20240212-001,Contract Data Analyst,Freelance/Contract,Munich,2,Cloud Data Engineering,9,0.61
LI-ESS-20240708-001,Analytics Engineer,Full-time,Essen,4,Enterprise BI & Reporting,9,0.61
SS-BER-20240229-001,Werkstudent Data Analytics,Werkstudent,Berlin,1,Core Analytics & Student Entry,8,0.61
IND-MUN-20240716-001,BI Engineer,Full-time,Munich,1,Core Analytics & Student Entry,6,0.61
IND-HAM-20240401-001,Werkstudent Machine Learning,Werkstudent,Hamburg,1,Core Analytics & Student Entry,7,0.61
IND-BER-20240102-002,Werkstudent Machine Learning,Werkstudent,Berlin,1,Core Analytics & Student Entry,8,0.61
LI-FRA-20241225-001,BI Engineer,Full-time,Frankfurt,4,Enterprise BI & Reporting,8,0.61
IND-BER-20240928-002,Data Engineer,Full-time,Berlin,3,ML & Research,11,0.61
LI-OTH-20250321-002,Werkstudent Machine Learning,Werkstudent,Other,2,Cloud Data Engineering,11,0.61
IND-MUN-20240125-001,Werkstudent Data Analytics,Werkstudent,Munich,1,Core Analytics & Student Entry,5,0.61
SS-ESS-20240810-001,Business Intelligence Analyst,Full-time,Essen,3,ML & Research,16,0.61
LI-BER-20240418-001,Werkstudent BI,Werkstudent,Berlin,1,Core Analytics & Student Entry,6,0.61
SS-NUR-20241210-001,ML Engineer,Full-time,Nuremberg,2,Cloud Data Engineering,12,0.61
SS-MUN-20241125-001,Data Engineer,Full-time,Munich,3,ML & Research,15,0.61
SS-BER-20240420-002,Business Intelligence Analyst,Full-time,Berlin,4,Enterprise BI & Reporting,5,0.61
IND-DÜS-20250328-001,Werkstudent BI,Werkstudent,Düsseldorf,4,Enterprise BI & Reporting,9,0.61
IND-MUN-20240903-002,Praktikant Analytics,Praktikum,Munich,4,Enterprise BI & Reporting,10,0.61
SS-HAM-20241218-001,Werkstudent Machine Learning,Werkstudent,Hamburg,1,Core Analytics & Student Entry,7,0.61
IND-MUN-20240312-001,Data Scientist,Full-time,Munich,3,ML & Research,13,0.61
LI-NUR-20240404-001,Data Architect,Full-time,Nuremberg,2,Cloud Data Engineering,14,0.61
LI-BER-20240627-001,Praktikant Data Analyst,Praktikum,Berlin,2,Cloud Data Engineering,11,0.61
LI-MUN-20241212-001,Senior Data Engineer,Full-time,Munich,1,Core Analytics & Student Entry,10,0.61
IND-BER-20240920-001,Senior Data Analyst,Full-time,Berlin,1,Core Analytics & Student Entry,6,0.61
LI-MUN-20240806-002,Data Engineer,Full-time,Munich,2,Cloud Data Engineering,12,0.61
SS-COL-20250219-001,Freelance Data Engineer,Freelance/Contract,Cologne,1,Core Analytics & Student Entry,7,0.61
IND-DÜS-20241225-001,Data Engineer,Full-time,Düsseldorf,2,Cloud Data Engineering,12,0.61
LI-LEI-20240325-001,BI Engineer,Full-time,Leipzig,1,Core Analytics & Student Entry,4,0.61
SS-BER-20240730-001,BI Engineer,Full-time,Berlin,3,ML & Research,12,0.61
IND-BER-20240901-002,Data Analyst,Full-time,Berlin,2,Cloud Data Engineering,12,0.61
LI-MUN-20240922-001,Senior Data Engineer,Full-time,Munich,3,ML & Research,16,0.61
LI-COL-20240801-001,Praktikant Data Science,Praktikum,Cologne,1,Core Analytics & Student Entry,7,0.61
SS-BER-20240703-001,ML Engineer,Full-time,Berlin,2,Cloud Data Engineering,13,0.61
SS-STU-20240927-001,Praktikant Data Science,Praktikum,Stuttgart,1,Core Analytics & Student Entry,10,0.61
LI-MUN-20240704-001,Praktikant Analytics,Praktikum,Munich,1,Core Analytics & Student Entry,4,0.61
SS-BER-20250329-001,Praktikant Data Analyst,Praktikum,Berlin,1,Core Analytics & Student Entry,8,0.61
IND-BER-20240416-001,Praktikant Data Analyst,Praktikum,Berlin,1,Core Analytics & Student Entry,3,0.61
SS-OTH-20250224-001,Senior Data Engineer,Full-time,Other,4,Enterprise BI & Reporting,11,0.61
SS-ESS-20241113-001,Freelance Data Engineer,Freelance/Contract,Essen,2,Cloud Data Engineering,15,0.61
IND-FRA-20241204-002,Freelance BI Consultant,Freelance/Contract,Frankfurt,1,Core Analytics & Student Entry,5,0.61
IND-FRA-20240622-001,Werkstudent Data Analytics,Werkstudent,Frankfurt,1,Core Analytics & Student Entry,8,0.61
SS-ESS-20250311-001,Data Scientist,Full-time,Essen,1,Core Analytics & Student Entry,7,0.61
SS-FRA-20250213-001,Data Architect,Full-time,Frankfurt,1,Core Analytics & Student Entry,8,0.61
SS-COL-20241030-001,ML Engineer,Full-time,Cologne,1,Core Analytics & Student Entry,7,0.61
SS-MUN-20240206-001,Praktikant Data Science,Praktikum,Munich,1,Core Analytics & Student Entry,5,0.61
SS-BER-20250112-001,BI Engineer,Full-time,Berlin,2,Cloud Data Engineering,12,0.61
SS-DÜS-20240903-001,Senior Data Analyst,Full-time,Düsseldorf,1,Core Analytics & Student Entry,4,0.61
LI-OTH-20250112-001,Praktikant Data Science,Praktikum,Other,1,Core Analytics & Student Entry,6,0.61
LI-DOR-20240113-001,Business Intelligence Analyst,Full-time,Dortmund,2,Cloud Data Engineering,14,0.61
SS-LEI-20241205-001,Werkstudent BI,Werkstudent,Leipzig,4,Enterprise BI & Reporting,7,0.61
SS-COL-20241004-001,Contract Data Analyst,Freelance/Contract,Cologne,2,Cloud Data Engineering,14,0.61
LI-BER-20240514-001,ML Engineer,Full-time,Berlin,2,Cloud Data Engineering,10,0.61
LI-STU-20241121-001,Data Architect,Full-time,Stuttgart,2,Cloud Data Engineering,11,0.61
LI-OTH-20241216-001,BI Engineer,Full-time,Other,2,Cloud Data Engineering,13,0.61
SS-HAM-20240202-002,Senior Data Analyst,Full-time,Hamburg,4,Enterprise BI & Reporting,11,0.61
SS-MUN-20240414-001,Data Architect,Full-time,Munich,2,Cloud Data Engineering,13,0.61
LI-STU-20240202-001,Data Scientist,Full-time,Stuttgart,2,Cloud Data Engineering,10,0.61
IND-FRA-20241203-002,Werkstudent BI,Werkstudent,Frankfurt,2,Cloud Data Engineering,12,0.61
SS-HAM-20250303-001,BI Engineer,Full-time,Hamburg,4,Enterprise BI & Reporting,6,0.61
SS-MUN-20240325-001,Werkstudent Machine Learning,Werkstudent,Munich,1,Core Analytics & Student Entry,7,0.61
SS-BER-20250218-001,ML Engineer,Full-time,Berlin,1,Core Analytics & Student Entry,6,0.61
SS-DOR-20240302-001,Praktikant Data Analyst,Praktikum,Dortmund,1,Core Analytics & Student Entry,5,0.61
IND-BER-20241005-002,Business Intelligence Analyst,Full-time,Berlin,2,Cloud Data Engineering,11,0.61
IND-MUN-20250324-001,Werkstudent Data Analytics,Werkstudent,Munich,3,ML & Research,11,0.61
LI-HAM-20240705-002,Senior Data Engineer,Full-time,Hamburg,4,Enterprise BI & Reporting,9,0.61
IND-MUN-20250101-001,Senior Data Engineer,Full-time,Munich,2,Cloud Data Engineering,12,0.61
SS-HAM-20240822-001,Werkstudent BI,Werkstudent,Hamburg,1,Core Analytics & Student Entry,5,0.61
LI-OTH-20241205-001,Data Architect,Full-time,Other,1,Core Analytics & Student Entry,8,0.61
SS-DÜS-20240416-001,Werkstudent Data Science,Werkstudent,Düsseldorf,1,Core Analytics & Student Entry,4,0.61
SS-DOR-20240113-001,Werkstudent Data Engineering,Werkstudent,Dortmund,1,Core Analytics & Student Entry,9,0.61
IND-BER-20241017-001,Praktikant Data Science,Praktikum,Berlin,1,Core Analytics & Student Entry,7,0.61
SS-COL-20240212-001,Freelance BI Consultant,Freelance/Contract,Cologne,2,Cloud Data Engineering,14,0.61
SS-LEI-20240902-001,Werkstudent Machine Learning,Werkstudent,Leipzig,1,Core Analytics & Student Entry,7,0.61
SS-FRA-20240523-001,Werkstudent Data Analytics,Werkstudent,Frankfurt,1,Core Analytics & Student Entry,8,0.61
IND-NUR-20241003-001,Contract Data Analyst,Freelance/Contract,Nuremberg,4,Enterprise BI & Reporting,6,0.61
LI-COL-20240802-002,Werkstudent Data Science,Werkstudent,Cologne,3,ML & Research,10,0.61
LI-NUR-20240729-001,Contract Data Analyst,Freelance/Contract,Nuremberg,2,Cloud Data Engineering,13,0.61
SS-OTH-20240817-001,Business Intelligence Analyst,Full-time,Other,3,ML & Research,12,0.61
IND-MUN-20250111-002,Analytics Engineer,Full-time,Munich,2,Cloud Data Engineering,12,0.61
LI-NUR-20240406-001,Freelance Data Engineer,Freelance/Contract,Nuremberg,2,Cloud Data Engineering,13,0.61
LI-FRA-20240930-001,Werkstudent Data Engineering,Werkstudent,Frankfurt,1,Core Analytics & Student Entry,5,0.61
LI-FRA-20240701-001,Praktikant Business Intelligence,Praktikum,Frankfurt,1,Core Analytics & Student Entry,6,0.61
IND-MUN-20241109-003,BI Engineer,Full-time,Munich,4,Enterprise BI & Reporting,11,0.61
SS-HAM-20240829-001,ML Engineer,Full-time,Hamburg,3,ML & Research,11,0.61
SS-BER-20240511-001,Senior Data Analyst,Full-time,Berlin,2,Cloud Data Engineering,12,0.61
SS-BER-20241116-003,Data Scientist,Full-time,Berlin,4,Enterprise BI & Reporting,9,0.61
IND-BER-20240229-002,BI Engineer,Full-time,Berlin,4,Enterprise BI & Reporting,7,0.61
SS-DOR-20240129-001,ML Engineer,Full-time,Dortmund,3,ML & Research,10,0.61
LI-FRA-20240205-001,BI Engineer,Full-time,Frankfurt,1,Core Analytics & Student Entry,7,0.61
IND-FRA-20240414-001,Senior Data Analyst,Full-time,Frankfurt,1,Core Analytics & Student Entry,8,0.61
LI-COL-20241102-001,Praktikant Analytics,Praktikum,Cologne,1,Core Analytics & Student Entry,8,0.61
IND-LEI-20240819-001,Werkstudent Data Engineering,Werkstudent,Leipzig,4,Enterprise BI & Reporting,9,0.61
SS-BER-20240531-001,Werkstudent Machine Learning,Werkstudent,Berlin,1,Core Analytics & Student Entry,7,0.61
IND-BER-20241215-001,Praktikant Analytics,Praktikum,Berlin,1,Core Analytics & Student Entry,4,0.61
LI-HAM-20241201-001,Werkstudent Data Analytics,Werkstudent,Hamburg,4,Enterprise BI & Reporting,7,0.61
SS-OTH-20240601-001,Werkstudent Data Analytics,Werkstudent,Other,1,Core Analytics & Student Entry,6,0.61
LI-DÜS-20241231-001,Senior Data Engineer,Full-time,Düsseldorf,3,ML & Research,12,0.61
LI-BER-20240407-001,Data Engineer,Full-time,Berlin,4,Enterprise BI & Reporting,6,0.61
SS-HAM-20241103-001,Business Intelligence Analyst,Full-time,Hamburg,2,Cloud Data Engineering,9,0.61
IND-BER-20240419-001,Werkstudent Data Science,Werkstudent,Berlin,1,Core Analytics & Student Entry,7,0.61
LI-OTH-20240913-001,BI Engineer,Full-time,Other,2,Cloud Data Engineering,13,0.61
LI-BER-20241005-001,Data Engineer,Full-time,Berlin,1,Core Analytics & Student Entry,5,0.61
SS-BER-20241114-001,Werkstudent Data Analytics,Werkstudent,Berlin,1,Core Analytics & Student Entry,7,0.61
SS-ESS-20241014-001,Business Intelligence Analyst,Full-time,Essen,2,Cloud Data Engineering,11,0.61
LI-COL-20240729-001,Praktikant Business Intelligence,Praktikum,Cologne,1,Core Analytics & Student Entry,7,0.61
LI-MUN-20241119-001,Data Analyst,Full-time,Munich,3,ML & Research,14,0.61
IND-FRA-20250324-001,Business Intelligence Analyst,Full-time,Frankfurt,2,Cloud Data Engineering,9,0.61
LI-FRA-20240923-001,Data Engineer,Full-time,Frankfurt,2,Cloud Data Engineering,8,0.61
IND-LEI-20240205-001,Contract ML Engineer,Freelance/Contract,Leipzig,2,Cloud Data Engineering,11,0.61
SS-DOR-20240429-001,Senior Data Analyst,Full-time,Dortmund,3,ML & Research,14,0.61
LI-HAM-20241218-002,Business Intelligence Analyst,Full-time,Hamburg,4,Enterprise BI & Reporting,6,0.61
IND-MUN-20240514-001,Senior Data Analyst,Full-time,Munich,2,Cloud Data Engineering,10,0.61
SS-FRA-20240428-001,Data Scientist,Full-time,Frankfurt,2,Cloud Data Engineering,10,0.61
IND-ESS-20241121-001,Werkstudent Data Science,Werkstudent,Essen,1,Core Analytics & Student Entry,7,0.61
IND-MUN-20241213-002,Senior Data Engineer,Full-time,Munich,2,Cloud Data Engineering,16,0.61
LI-FRA-20250130-001,Data Architect,Full-time,Frankfurt,3,ML & Research,13,0.61
LI-BER-20250124-002,Data Scientist,Full-time,Berlin,3,ML & Research,10,0.61
LI-DOR-20241127-001,Business Intelligence Analyst,Full-time,Dortmund,2,Cloud Data Engineering,16,0.61
SS-MUN-20241211-001,Senior Data Analyst,Full-time,Munich,1,Core Analytics & Student Entry,7,0.61
IND-STU-20240429-001,Werkstudent Machine Learning,Werkstudent,Stuttgart,2,Cloud Data Engineering,12,0.61
LI-BER-20240505-002,Data Analyst,Full-time,Berlin,3,ML & Research,12,0.61
LI-MUN-20240505-001,Praktikant Business Intelligence,Praktikum,Munich,1,Core Analytics & Student Entry,6,0.61
IND-HAM-20240916-001,Freelance Data Engineer,Freelance/Contract,Hamburg,1,Core Analytics & Student Entry,8,0.61
IND-ESS-20250117-001,Werkstudent BI,Werkstudent,Essen,1,Core Analytics & Student Entry,12,0.61
SS-STU-20240421-001,Werkstudent BI,Werkstudent,Stuttgart,1,Core Analytics & Student Entry,7,0.61
IND-BER-20250312-002,Senior Data Engineer,Full-time,Berlin,4,Enterprise BI & Reporting,8,0.61
LI-FRA-20250126-001,Data Scientist,Full-time,Frankfurt,1,Core Analytics & Student Entry,9,0.61
SS-BER-20240611-001,Data Architect,Full-time,Berlin,4,Enterprise BI & Reporting,8,0.61
IND-HAM-20250113-001,Analytics Engineer,Full-time,Hamburg,3,ML & Research,12,0.61
LI-STU-20240721-001,Praktikant Data Analyst,Praktikum,Stuttgart,1,Core Analytics & Student Entry,6,0.61
SS-HAM-20240801-001,Data Engineer,Full-time,Hamburg,1,Core Analytics & Student Entry,7,0.61
IND-MUN-20241020-001,Senior Data Analyst,Full-time,Munich,3,ML & Research,8,0.61
IND-BER-20240729-001,Werkstudent Machine Learning,Werkstudent,Berlin,1,Core Analytics & Student Entry,7,0.61
IND-BER-20240211-001,Data Analyst,Full-time,Berlin,3,ML & Research,8,0.61
IND-MUN-20240927-001,Praktikant Data Science,Praktikum,Munich,1,Core Analytics & Student Entry,9,0.61
LI-HAM-20240912-001,Business Intelligence Analyst,Full-time,Hamburg,2,Cloud Data Engineering,15,0.61
IND-MUN-20240815-002,Praktikant Analytics,Praktikum,Munich,3,ML & Research,11,0.61
IND-FRA-20250307-001,Werkstudent Data Science,Werkstudent,Frankfurt,1,Core Analytics & Student Entry,8,0.61
IND-HAM-20240812-001,Werkstudent Machine Learning,Werkstudent,Hamburg,1,Core Analytics & Student Entry,7,0.61
SS-DOR-20240519-001,Data Architect,Full-time,Dortmund,4,Enterprise BI & Reporting,8,0.61
LI-OTH-20241210-001,Praktikant Data Science,Praktikum,Other,1,Core Analytics & Student Entry,7,0.61
SS-FRA-20241102-001,Praktikant Data Science,Praktikum,Frankfurt,1,Core Analytics & Student Entry,9,0.61
IND-OTH-20240828-001,Business Intelligence Analyst,Full-time,Other,4,Enterprise BI & Reporting,8,0.61
SS-MUN-20240517-003,Data Analyst,Full-time,Munich,3,ML & Research,11,0.61
IND-BER-20240131-002,Praktikant Data Analyst,Praktikum,Berlin,1,Core Analytics & Student Entry,9,0.61
IND-HAM-20240606-001,Werkstudent BI,Werkstudent,Hamburg,1,Core Analytics & Student Entry,5,0.61
IND-MUN-20250224-001,Data Analyst,Full-time,Munich,3,ML & Research,10,0.61
IND-BER-20241121-001,Werkstudent Machine Learning,Werkstudent,Berlin,1,Core Analytics & Student Entry,7,0.61
SS-FRA-20250328-001,Senior Data Engineer,Full-time,Frankfurt,3,ML & Research,15,0.61
LI-DOR-20240927-001,Praktikant Data Analyst,Praktikum,Dortmund,3,ML & Research,12,0.61
LI-BER-20241228-001,ML Engineer,Full-time,Berlin,4,Enterprise BI & Reporting,5,0.61
LI-MUN-20240622-001,Data Scientist,Full-time,Munich,1,Core Analytics & Student Entry,7,0.61
SS-BER-20241212-002,Data Scientist,Full-time,Berlin,2,Cloud Data Engineering,13,0.61
IND-HAM-20240323-001,Business Intelligence Analyst,Full-time,Hamburg,3,ML & Research,11,0.61
LI-ESS-20240308-001,ML Engineer,Full-time,Essen,2,Cloud Data Engineering,9,0.61
LI-DÜS-20240120-001,Data Architect,Full-time,Düsseldorf,1,Core Analytics & Student Entry,8,0.61
LI-OTH-20250118-001,Freelance Data Engineer,Freelance/Contract,Other,2,Cloud Data Engineering,15,0.61
IND-COL-20240514-001,Data Analyst,Full-time,Cologne,2,Cloud Data Engineering,14,0.61
IND-MUN-20250203-002,Data Scientist,Full-time,Munich,2,Cloud Data Engineering,13,0.61
SS-MUN-20240923-001,Praktikant Data Analyst,Praktikum,Munich,1,Core Analytics & Student Entry,6,0.61
LI-OTH-20250224-001,Business Intelligence Analyst,Full-time,Other,4,Enterprise BI & Reporting,8,0.61
SS-HAM-20240430-004,Senior Data Analyst,Full-time,Hamburg,3,ML & Research,13,0.61
IND-BER-20240131-004,Data Analyst,Full-time,Berlin,2,Cloud Data Engineering,13,0.61
SS-MUN-20240606-001,Contract Data Analyst,Freelance/Contract,Munich,1,Core Analytics & Student Entry,8,0.61
IND-DÜS-20240228-001,Werkstudent BI,Werkstudent,Düsseldorf,3,ML & Research,10,0.61
LI-BER-20241214-002,Data Scientist,Full-time,Berlin,3,ML & Research,14,0.61
SS-HAM-20241220-001,Freelance BI Consultant,Freelance/Contract,Hamburg,4,Enterprise BI & Reporting,7,0.61
LI-FRA-20250213-002,Praktikant Data Science,Praktikum,Frankfurt,1,Core Analytics & Student Entry,6,0.61
IND-ESS-20250211-001,Data Analyst,Full-time,Essen,2,Cloud Data Engineering,12,0.61
SS-ESS-20240212-001,Werkstudent Data Analytics,Werkstudent,Essen,1,Core Analytics & Student Entry,9,0.61
IND-ESS-20250203-001,Data Engineer,Full-time,Essen,3,ML & Research,13,0.61
IND-BER-20240126-003,Data Engineer,Full-time,Berlin,3,ML & Research,10,0.61
LI-OTH-20240621-001,Data Engineer,Full-time,Other,2,Cloud Data Engineering,11,0.61
SS-FRA-20240313-001,Praktikant Data Analyst,Praktikum,Frankfurt,1,Core Analytics & Student Entry,10,0.61
SS-BER-20250114-001,Praktikant Business Intelligence,Praktikum,Berlin,1,Core Analytics & Student Entry,4,0.61
IND-MUN-20240212-002,Praktikant Data Analyst,Praktikum,Munich,1,Core Analytics & Student Entry,8,0.61
IND-LEI-20240806-001,Senior Data Engineer,Full-time,Leipzig,2,Cloud Data Engineering,12,0.61
IND-DOR-20240621-001,Senior Data Engineer,Full-time,Dortmund,2,Cloud Data Engineering,12,0.61
IND-STU-20240106-001,Werkstudent BI,Werkstudent,Stuttgart,1,Core Analytics & Student Entry,5,0.61
LI-MUN-20240421-001,Werkstudent BI,Werkstudent,Munich,1,Core Analytics & Student Entry,9,0.61
IND-BER-20240102-001,Praktikant Business Intelligence,Praktikum,Berlin,1,Core Analytics & Student Entry,4,0.61
SS-LEI-20240831-001,Werkstudent Data Analytics,Werkstudent,Leipzig,1,Core Analytics & Student Entry,7,0.61
IND-BER-20240311-001,Senior Data Engineer,Full-time,Berlin,2,Cloud Data Engineering,10,0.61
IND-HAM-20241009-001,Analytics Engineer,Full-time,Hamburg,3,ML & Research,12,0.61
LI-MUN-20240816-001,Werkstudent Machine Learning,Werkstudent,Munich,4,Enterprise BI & Reporting,9,0.61
IND-COL-20250221-001,Praktikant Data Science,Praktikum,Cologne,1,Core Analytics & Student Entry,7,0.61
SS-OTH-20240122-001,Senior Data Analyst,Full-time,Other,2,Cloud Data Engineering,13,0.61
SS-FRA-20241206-001,Praktikant Data Analyst,Praktikum,Frankfurt,1,Core Analytics & Student Entry,7,0.61
SS-FRA-20241209-002,Senior Data Analyst,Full-time,Frankfurt,3,ML & Research,15,0.61
IND-HAM-20241217-001,Senior Data Analyst,Full-time,Hamburg,2,Cloud Data Engineering,13,0.61
LI-FRA-20240805-001,Praktikant Data Analyst,Praktikum,Frankfurt,1,Core Analytics & Student Entry,7,0.61
IND-BER-20240926-001,Praktikant Business Intelligence,Praktikum,Berlin,3,ML & Research,12,0.61
IND-MUN-20250318-001,Werkstudent Machine Learning,Werkstudent,Munich,1,Core Analytics & Student Entry,7,0.61
SS-BER-20240118-001,Praktikant Data Science,Praktikum,Berlin,1,Core Analytics & Student Entry,6,0.61
IND-DOR-20250126-001,Werkstudent Data Analytics,Werkstudent,Dortmund,1,Core Analytics & Student Entry,5,0.61
SS-HAM-20240525-001,Data Analyst,Full-time,Hamburg,2,Cloud Data Engineering,8,0.61
LI-COL-20250219-001,Werkstudent BI,Werkstudent,Cologne,4,Enterprise BI & Reporting,9,0.61
SS-BER-20241103-002,Praktikant Data Science,Praktikum,Berlin,4,Enterprise BI & Reporting,7,0.61
SS-BER-20250214-002,ML Engineer,Full-time,Berlin,4,Enterprise BI & Reporting,7,0.61
IND-HAM-20240609-001,Analytics Engineer,Full-time,Hamburg,2,Cloud Data Engineering,11,0.61
LI-DOR-20240525-001,Data Scientist,Full-time,Dortmund,3,ML & Research,13,0.61
LI-COL-20240903-001,Senior Data Engineer,Full-time,Cologne,4,Enterprise BI & Reporting,6,0.61
IND-BER-20240622-001,Business Intelligence Analyst,Full-time,Berlin,2,Cloud Data Engineering,10,0.61
IND-MUN-20241104-001,Praktikant Business Intelligence,Praktikum,Munich,1,Core Analytics & Student Entry,3,0.61
IND-BER-20240526-001,Data Analyst,Full-time,Berlin,3,ML & Research,9,0.61
LI-BER-20241003-001,Werkstudent Machine Learning,Werkstudent,Berlin,1,Core Analytics & Student Entry,5,0.61
SS-MUN-20240627-001,Werkstudent Data Analytics,Werkstudent,Munich,1,Core Analytics & Student Entry,8,0.61
LI-BER-20240514-002,Data Analyst,Full-time,Berlin,3,ML & Research,12,0.61
SS-LEI-20241031-001,Business Intelligence Analyst,Full-time,Leipzig,2,Cloud Data Engineering,11,0.61
IND-COL-20250125-001,Praktikant Data Science,Praktikum,Cologne,1,Core Analytics & Student Entry,8,0.61
LI-FRA-20250115-001,Freelance Data Engineer,Freelance/Contract,Frankfurt,1,Core Analytics & Student Entry,8,0.61
LI-ESS-20240919-001,Data Architect,Full-time,Essen,2,Cloud Data Engineering,10,0.61
LI-MUN-20250118-001,Praktikant Business Intelligence,Praktikum,Munich,1,Core Analytics & Student Entry,8,0.61
LI-BER-20240621-001,Werkstudent Data Science,Werkstudent,Berlin,4,Enterprise BI & Reporting,8,0.61
SS-FRA-20250224-001,Senior Data Analyst,Full-time,Frankfurt,4,Enterprise BI & Reporting,8,0.61
IND-DOR-20240731-001,Data Scientist,Full-time,Dortmund,2,Cloud Data Engineering,13,0.61
SS-DOR-20240531-001,Werkstudent Data Engineering,Werkstudent,Dortmund,3,ML & Research,14,0.61
SS-STU-20241023-001,Analytics Engineer,Full-time,Stuttgart,2,Cloud Data Engineering,11,0.61
IND-OTH-20241007-001,Data Engineer,Full-time,Other,2,Cloud Data Engineering,14,0.61
LI-MUN-20240217-001,Business Intelligence Analyst,Full-time,Munich,1,Core Analytics & Student Entry,6,0.61
SS-MUN-20241125-002,Business Intelligence Analyst,Full-time,Munich,4,Enterprise BI & Reporting,9,0.61
IND-MUN-20240801-001,BI Engineer,Full-time,Munich,2,Cloud Data Engineering,12,0.61
SS-DÜS-20250118-001,Data Engineer,Full-time,Düsseldorf,2,Cloud Data Engineering,6,0.61
LI-HAM-20240929-001,Praktikant Business Intelligence,Praktikum,Hamburg,1,Core Analytics & Student Entry,9,0.61
IND-MUN-20241123-001,Senior Data Analyst,Full-time,Munich,3,ML & Research,11,0.61
IND-BER-20240522-001,Data Architect,Full-time,Berlin,3,ML & Research,8,0.61
SS-BER-20240914-002,Senior Data Engineer,Full-time,Berlin,3,ML & Research,15,0.61
IND-FRA-20240513-001,Analytics Engineer,Full-time,Frankfurt,3,ML & Research,16,0.61
IND-BER-20240306-003,Praktikant Business Intelligence,Praktikum,Berlin,1,Core Analytics & Student Entry,5,0.61
SS-COL-20240212-002,Data Scientist,Full-time,Cologne,4,Enterprise BI & Reporting,7,0.61
IND-FRA-20240424-001,Freelance Data Engineer,Freelance/Contract,Frankfurt,1,Core Analytics & Student Entry,9,0.61
LI-NUR-20240325-001,Data Architect,Full-time,Nuremberg,2,Cloud Data Engineering,15,0.61
IND-FRA-20250319-001,Data Analyst,Full-time,Frankfurt,3,ML & Research,10,0.61
IND-BER-20240623-001,Werkstudent Data Engineering,Werkstudent,Berlin,1,Core Analytics & Student Entry,5,0.61
LI-BER-20240129-002,Data Scientist,Full-time,Berlin,1,Core Analytics & Student Entry,5,0.61
LI-MUN-20250224-001,Business Intelligence Analyst,Full-time,Munich,4,Enterprise BI & Reporting,7,0.61
IND-LEI-20241023-001,Data Engineer,Full-time,Leipzig,1,Core Analytics & Student Entry,9,0.61
SS-HAM-20241118-001,Data Architect,Full-time,Hamburg,2,Cloud Data Engineering,11,0.61
LI-BER-20240813-001,Werkstudent BI,Werkstudent,Berlin,1,Core Analytics & Student Entry,6,0.61
IND-OTH-20240818-002,Data Engineer,Full-time,Other,4,Enterprise BI & Reporting,7,0.61
SS-COL-20250105-001,Praktikant Analytics,Praktikum,Cologne,1,Core Analytics & Student Entry,7,0.61
IND-COL-20240808-001,Werkstudent Data Science,Werkstudent,Cologne,2,Cloud Data Engineering,12,0.61
IND-BER-20250219-001,Praktikant Data Science,Praktikum,Berlin,1,Core Analytics & Student Entry,10,0.61
SS-MUN-20240729-001,Werkstudent BI,Werkstudent,Munich,1,Core Analytics & Student Entry,4,0.61
IND-OTH-20240107-001,Praktikant Data Analyst,Praktikum,Other,1,Core Analytics & Student Entry,5,0.61
SS-FRA-20241204-001,Werkstudent Data Engineering,Werkstudent,Frankfurt,1,Core Analytics & Student Entry,10,0.61
SS-LEI-20250308-001,BI Engineer,Full-time,Leipzig,1,Core Analytics & Student Entry,6,0.61
LI-COL-20240808-001,Werkstudent Data Engineering,Werkstudent,Cologne,1,Core Analytics & Student Entry,6,0.61
LI-ESS-20241017-001,Werkstudent Data Analytics,Werkstudent,Essen,1,Core Analytics & Student Entry,9,0.61
IND-MUN-20250309-001,Werkstudent Machine Learning,Werkstudent,Munich,1,Core Analytics & Student Entry,5,0.61
LI-MUN-20240702-001,BI Engineer,Full-time,Munich,1,Core Analytics & Student Entry,8,0.61
IND-OTH-20240402-001,Analytics Engineer,Full-time,Other,4,Enterprise BI & Reporting,10,0.61
IND-DOR-20240624-001,Data Analyst,Full-time,Dortmund,2,Cloud Data Engineering,14,0.61
IND-COL-20250128-001,Werkstudent BI,Werkstudent,Cologne,1,Core Analytics & Student Entry,8,0.61
IND-ESS-20240623-001,BI Engineer,Full-time,Essen,2,Cloud Data Engineering,15,0.61
LI-MUN-20240129-001,Data Scientist,Full-time,Munich,1,Core Analytics & Student Entry,4,0.61
SS-OTH-20240523-001,Data Architect,Full-time,Other,4,Enterprise BI & Reporting,7,0.61
SS-COL-20240710-001,Praktikant Business Intelligence,Praktikum,Cologne,1,Core Analytics & Student Entry,10,0.61
SS-OTH-20241116-001,Praktikant Business Intelligence,Praktikum,Other,1,Core Analytics & Student Entry,7,0.61
IND-BER-20240219-002,Werkstudent Data Engineering,Werkstudent,Berlin,4,Enterprise BI & Reporting,8,0.61
IND-BER-20240818-001,BI Engineer,Full-time,Berlin,2,Cloud Data Engineering,15,0.61
SS-FRA-20250321-001,Werkstudent Data Science,Werkstudent,Frankfurt,1,Core Analytics & Student Entry,7,0.61
IND-MUN-20241018-001,BI Engineer,Full-time,Munich,2,Cloud Data Engineering,14,0.61
SS-BER-20241107-001,ML Engineer,Full-time,Berlin,1,Core Analytics & Student Entry,6,0.61
SS-OTH-20240313-001,Praktikant Business Intelligence,Praktikum,Other,1,Core Analytics & Student Entry,8,0.61
SS-BER-20240905-002,Werkstudent BI,Werkstudent,Berlin,1,Core Analytics & Student Entry,8,0.61
SS-HAM-20240610-001,Senior Data Engineer,Full-time,Hamburg,4,Enterprise BI & Reporting,9,0.61
IND-MUN-20240225-001,Praktikant Data Science,Praktikum,Munich,4,Enterprise BI & Reporting,9,0.61
SS-MUN-20240502-001,Business Intelligence Analyst,Full-time,Munich,4,Enterprise BI & Reporting,6,0.61
LI-MUN-20240731-001,Werkstudent Data Engineering,Werkstudent,Munich,1,Core Analytics & Student Entry,4,0.61
LI-NUR-20250221-001,Senior Data Engineer,Full-time,Nuremberg,1,Core Analytics & Student Entry,6,0.61
LI-BER-20250212-001,Praktikant Data Science,Praktikum,Berlin,1,Core Analytics & Student Entry,8,0.61
LI-OTH-20250108-001,BI Engineer,Full-time,Other,3,ML & Research,14,0.61
IND-MUN-20241227-001,Werkstudent BI,Werkstudent,Munich,1,Core Analytics & Student Entry,5,0.61
IND-OTH-20250107-001,Werkstudent Data Science,Werkstudent,Other,1,Core Analytics & Student Entry,7,0.61
LI-BER-20240319-002,Werkstudent Machine Learning,Werkstudent,Berlin,1,Core Analytics & Student Entry,8,0.61
LI-MUN-20240927-001,Contract Data Analyst,Freelance/Contract,Munich,1,Core Analytics & Student Entry,8,0.61
IND-BER-20240827-001,Werkstudent Data Science,Werkstudent,Berlin,1,Core Analytics & Student Entry,8,0.61
LI-BER-20240330-001,Werkstudent Data Engineering,Werkstudent,Berlin,1,Core Analytics & Student Entry,5,0.61
IND-FRA-20250207-001,Werkstudent BI,Werkstudent,Frankfurt,1,Core Analytics & Student Entry,6,0.61
SS-FRA-20250306-001,Contract Data Analyst,Freelance/Contract,Frankfurt,2,Cloud Data Engineering,12,0.61
LI-DOR-20241003-001,Business Intelligence Analyst,Full-time,Dortmund,3,ML & Research,10,0.61
IND-HAM-20240207-001,ML Engineer,Full-time,Hamburg,4,Enterprise BI & Reporting,8,0.61
LI-NUR-20241012-001,Data Scientist,Full-time,Nuremberg,3,ML & Research,13,0.61
SS-BER-20250216-001,Werkstudent Data Engineering,Werkstudent,Berlin,1,Core Analytics & Student Entry,9,0.61
LI-MUN-20250203-001,ML Engineer,Full-time,Munich,1,Core Analytics & Student Entry,7,0.61
LI-BER-20240527-001,Werkstudent Data Science,Werkstudent,Berlin,1,Core Analytics & Student Entry,8,0.61
SS-LEI-20250228-001,Data Architect,Full-time,Leipzig,2,Cloud Data Engineering,14,0.61
LI-HAM-20250224-002,Data Architect,Full-time,Hamburg,3,ML & Research,12,0.61
IND-BER-20240210-002,BI Engineer,Full-time,Berlin,3,ML & Research,13,0.61
IND-MUN-20240316-002,Data Architect,Full-time,Munich,3,ML & Research,13,0.61
IND-BER-20240824-002,Praktikant Business Intelligence,Praktikum,Berlin,3,ML & Research,16,0.61
LI-BER-20240920-001,Werkstudent Data Engineering,Werkstudent,Berlin,1,Core Analytics & Student Entry,7,0.61
IND-OTH-20240721-001,Werkstudent Data Analytics,Werkstudent,Other,1,Core Analytics & Student Entry,10,0.61
IND-MUN-20240212-001,Praktikant Data Analyst,Praktikum,Munich,1,Core Analytics & Student Entry,10,0.61
IND-NUR-20240204-001,Werkstudent Data Analytics,Werkstudent,Nuremberg,1,Core Analytics & Student Entry,8,0.61
SS-HAM-20240312-001,Senior Data Engineer,Full-time,Hamburg,2,Cloud Data Engineering,11,0.61
IND-MUN-20241009-001,Werkstudent Machine Learning,Werkstudent,Munich,4,Enterprise BI & Reporting,9,0.61
SS-ESS-20240114-001,ML Engineer,Full-time,Essen,2,Cloud Data Engineering,13,0.61
IND-HAM-20240822-001,Werkstudent Data Engineering,Werkstudent,Hamburg,1,Core Analytics & Student Entry,6,0.61
SS-STU-20241109-001,Praktikant Data Analyst,Praktikum,Stuttgart,1,Core Analytics & Student Entry,6,0.61
IND-MUN-20240316-001,Werkstudent Data Analytics,Werkstudent,Munich,1,Core Analytics & Student Entry,6,0.61
SS-HAM-20240827-001,Business Intelligence Analyst,Full-time,Hamburg,3,ML & Research,11,0.61
LI-LEI-20241031-001,Business Intelligence Analyst,Full-time,Leipzig,2,Cloud Data Engineering,11,0.61
LI-ESS-20240922-001,Praktikant Data Science,Praktikum,Essen,1,Core Analytics & Student Entry,6,0.61
SS-HAM-20240215-001,Praktikant Data Science,Praktikum,Hamburg,3,ML & Research,8,0.61
SS-MUN-20250124-001,Freelance Data Engineer,Freelance/Contract,Munich,1,Core Analytics & Student Entry,9,0.61
SS-COL-20250118-001,Senior Data Analyst,Full-time,Cologne,3,ML & Research,13,0.61
SS-BER-20241014-001,Senior Data Analyst,Full-time,Berlin,3,ML & Research,13,0.61
SS-HAM-20240111-001,Senior Data Analyst,Full-time,Hamburg,1,Core Analytics & Student Entry,7,0.61
SS-HAM-20240828-001,Praktikant Business Intelligence,Praktikum,Hamburg,1,Core Analytics & Student Entry,10,0.61
SS-OTH-20250319-001,Werkstudent Data Analytics,Werkstudent,Other,1,Core Analytics & Student Entry,9,0.61
IND-BER-20240220-001,Contract ML Engineer,Freelance/Contract,Berlin,4,Enterprise BI & Reporting,5,0.61
SS-HAM-20250107-001,Praktikant Data Analyst,Praktikum,Hamburg,1,Core Analytics & Student Entry,9,0.61
SS-ESS-20240103-001,Senior Data Engineer,Full-time,Essen,3,ML & Research,16,0.61
SS-FRA-20250206-001,Praktikant Analytics,Praktikum,Frankfurt,1,Core Analytics & Student Entry,6,0.61
SS-BER-20240206-001,Business Intelligence Analyst,Full-time,Berlin,2,Cloud Data Engineering,9,0.61
SS-BER-20250225-001,Data Analyst,Full-time,Berlin,2,Cloud Data Engineering,13,0.61
LI-FRA-20240428-001,Werkstudent Data Science,Werkstudent,Frankfurt,1,Core Analytics & Student Entry,8,0.61
LI-MUN-20240304-001,Werkstudent Machine Learning,Werkstudent,Munich,4,Enterprise BI & Reporting,8,0.61
IND-FRA-20241224-001,Contract ML Engineer,Freelance/Contract,Frankfurt,2,Cloud Data Engineering,7,0.61
IND-BER-20241219-002,Data Scientist,Full-time,Berlin,4,Enterprise BI & Reporting,7,0.61
LI-OTH-20240825-001,Werkstudent BI,Werkstudent,Other,1,Core Analytics & Student Entry,8,0.61
SS-DOR-20241213-001,Werkstudent Data Engineering,Werkstudent,Dortmund,1,Core Analytics & Student Entry,6,0.61
SS-FRA-20241117-001,Analytics Engineer,Full-time,Frankfurt,2,Cloud Data Engineering,10,0.61
SS-HAM-20240827-002,ML Engineer,Full-time,Hamburg,3,ML & Research,9,0.61
SS-HAM-20250224-001,Business Intelligence Analyst,Full-time,Hamburg,1,Core Analytics & Student Entry,5,0.61
LI-MUN-20241019-001,Data Architect,Full-time,Munich,2,Cloud Data Engineering,13,0.61
IND-HAM-20240101-002,Praktikant Analytics,Praktikum,Hamburg,1,Core Analytics & Student Entry,7,0.61
LI-DOR-20240524-001,Werkstudent Data Science,Werkstudent,Dortmund,4,Enterprise BI & Reporting,6,0.61
IND-OTH-20250311-001,Data Scientist,Full-time,Other,4,Enterprise BI & Reporting,9,0.61
LI-MUN-20241001-001,Business Intelligence Analyst,Full-time,Munich,2,Cloud Data Engineering,9,0.61
SS-OTH-20240809-001,Business Intelligence Analyst,Full-time,Other,1,Core Analytics & Student Entry,5,0.61
IND-BER-20240425-001,Senior Data Engineer,Full-time,Berlin,4,Enterprise BI & Reporting,12,0.61
IND-DOR-20250301-001,Analytics Engineer,Full-time,Dortmund,2,Cloud Data Engineering,14,0.61
IND-HAM-20240212-002,Contract Data Analyst,Freelance/Contract,Hamburg,2,Cloud Data Engineering,11,0.61
SS-MUN-20240407-002,Data Engineer,Full-time,Munich,2,Cloud Data Engineering,14,0.61
LI-ESS-20240907-001,Werkstudent Data Science,Werkstudent,Essen,1,Core Analytics & Student Entry,9,0.61
IND-DOR-20240727-001,BI Engineer,Full-time,Dortmund,4,Enterprise BI & Reporting,9,0.61
IND-BER-20240406-001,Data Scientist,Full-time,Berlin,2,Cloud Data Engineering,14,0.61
IND-OTH-20240611-001,Werkstudent Data Engineering,Werkstudent,Other,1,Core Analytics & Student Entry,8,0.61
IND-BER-20240808-002,Werkstudent Machine Learning,Werkstudent,Berlin,4,Enterprise BI & Reporting,8,0.61
LI-BER-20240720-001,Werkstudent Data Analytics,Werkstudent,Berlin,1,Core Analytics & Student Entry,7,0.61
SS-NUR-20240510-001,Praktikant Business Intelligence,Praktikum,Nuremberg,1,Core Analytics & Student Entry,7,0.61
LI-COL-20250303-001,BI Engineer,Full-time,Cologne,1,Core Analytics & Student Entry,8,0.61
SS-DÜS-20240717-001,Werkstudent Data Analytics,Werkstudent,Düsseldorf,1,Core Analytics & Student Entry,10,0.61
IND-DOR-20240801-001,Werkstudent BI,Werkstudent,Dortmund,1,Core Analytics & Student Entry,8,0.61
IND-BER-20250120-002,Praktikant Analytics,Praktikum,Berlin,1,Core Analytics & Student Entry,6,0.61
LI-DÜS-20250315-001,Data Scientist,Full-time,Düsseldorf,1,Core Analytics & Student Entry,6,0.61
IND-BER-20250318-001,Data Architect,Full-time,Berlin,3,ML & Research,13,0.61
SS-MUN-20240119-002,Data Scientist,Full-time,Munich,4,Enterprise BI & Reporting,7,0.61
SS-OTH-20250322-002,Werkstudent Machine Learning,Werkstudent,Other,1,Core Analytics & Student Entry,8,0.61
SS-COL-20240217-001,ML Engineer,Full-time,Cologne,4,Enterprise BI & Reporting,7,0.61
SS-COL-20240115-002,Senior Data Analyst,Full-time,Cologne,4,Enterprise BI & Reporting,4,0.61
SS-BER-20240317-002,Data Engineer,Full-time,Berlin,3,ML & Research,12,0.61
SS-OTH-20240312-001,Data Engineer,Full-time,Other,1,Core Analytics & Student Entry,7,0.61
LI-MUN-20240806-003,Data Engineer,Full-time,Munich,3,ML & Research,11,0.61
LI-OTH-20241202-002,Senior Data Engineer,Full-time,Other,3,ML & Research,14,0.61
SS-MUN-20240407-001,Werkstudent Machine Learning,Werkstudent,Munich,1,Core Analytics & Student Entry,6,0.61
IND-LEI-20240811-001,Senior Data Engineer,Full-time,Leipzig,1,Core Analytics & Student Entry,8,0.61
IND-ESS-20240326-002,Business Intelligence Analyst,Full-time,Essen,4,Enterprise BI & Reporting,9,0.61
LI-BER-20240914-001,Contract Data Analyst,Freelance/Contract,Berlin,1,Core Analytics & Student Entry,9,0.61
LI-MUN-20240830-001,Praktikant Business Intelligence,Praktikum,Munich,1,Core Analytics & Student Entry,7,0.61
LI-BER-20240730-001,Data Scientist,Full-time,Berlin,4,Enterprise BI & Reporting,5,0.61
LI-ESS-20240129-002,Analytics Engineer,Full-time,Essen,4,Enterprise BI & Reporting,10,0.61
IND-MUN-20240723-001,Werkstudent Data Science,Werkstudent,Munich,2,Cloud Data Engineering,11,0.61
SS-BER-20250222-002,Praktikant Analytics,Praktikum,Berlin,1,Core Analytics & Student Entry,8,0.61
IND-BER-20240323-001,Business Intelligence Analyst,Full-time,Berlin,3,ML & Research,10,0.61
IND-MUN-20240125-002,Praktikant Data Analyst,Praktikum,Munich,1,Core Analytics & Student Entry,6,0.61
SS-BER-20250106-001,Werkstudent Data Analytics,Werkstudent,Berlin,1,Core Analytics & Student Entry,9,0.61
SS-MUN-20240524-001,Data Architect,Full-time,Munich,2,Cloud Data Engineering,11,0.61
SS-DÜS-20240511-001,Business Intelligence Analyst,Full-time,Düsseldorf,2,Cloud Data Engineering,9,0.61
IND-MUN-20241124-001,Praktikant Data Analyst,Praktikum,Munich,3,ML & Research,10,0.61
IND-BER-20240128-001,Senior Data Engineer,Full-time,Berlin,4,Enterprise BI & Reporting,8,0.61
SS-COL-20250221-001,Analytics Engineer,Full-time,Cologne,3,ML & Research,15,0.61
IND-LEI-20240123-001,Freelance Data Engineer,Freelance/Contract,Leipzig,2,Cloud Data Engineering,12,0.61
IND-HAM-20241221-001,Senior Data Engineer,Full-time,Hamburg,2,Cloud Data Engineering,12,0.61
LI-COL-20240502-001,Business Intelligence Analyst,Full-time,Cologne,4,Enterprise BI & Reporting,10,0.61
IND-NUR-20240929-001,Praktikant Data Analyst,Praktikum,Nuremberg,1,Core Analytics & Student Entry,5,0.61
SS-BER-20240103-001,Werkstudent Data Engineering,Werkstudent,Berlin,1,Core Analytics & Student Entry,8,0.61
SS-DOR-20241003-001,Werkstudent Data Analytics,Werkstudent,Dortmund,1,Core Analytics & Student Entry,6,0.61
LI-DÜS-20240203-001,Data Engineer,Full-time,Düsseldorf,4,Enterprise BI & Reporting,6,0.61
LI-COL-20250101-001,Data Engineer,Full-time,Cologne,4,Enterprise BI & Reporting,6,0.61
LI-FRA-20240628-001,Werkstudent Machine Learning,Werkstudent,Frankfurt,1,Core Analytics & Student Entry,11,0.61
SS-FRA-20240216-002,Contract ML Engineer,Freelance/Contract,Frankfurt,4,Enterprise BI & Reporting,4,0.61
LI-BER-20250124-001,Praktikant Analytics,Praktikum,Berlin,1,Core Analytics & Student Entry,5,0.61
SS-NUR-20240224-001,Praktikant Data Science,Praktikum,Nuremberg,1,Core Analytics & Student Entry,5,0.61
LI-FRA-20240430-001,Analytics Engineer,Full-time,Frankfurt,2,Cloud Data Engineering,12,0.61
LI-COL-20240331-001,Data Analyst,Full-time,Cologne,4,Enterprise BI & Reporting,9,0.61
IND-BER-20240807-001,BI Engineer,Full-time,Berlin,2,Cloud Data Engineering,15,0.61
LI-STU-20240912-001,BI Engineer,Full-time,Stuttgart,4,Enterprise BI & Reporting,9,0.61
LI-MUN-20240102-001,Analytics Engineer,Full-time,Munich,2,Cloud Data Engineering,14,0.61
IND-BER-20250315-002,Werkstudent Data Analytics,Werkstudent,Berlin,4,Enterprise BI & Reporting,8,0.61
LI-HAM-20240624-001,Contract Data Analyst,Freelance/Contract,Hamburg,4,Enterprise BI & Reporting,8,0.61
IND-HAM-20250202-001,Praktikant Business Intelligence,Praktikum,Hamburg,2,Cloud Data Engineering,14,0.61
IND-STU-20240721-001,Werkstudent Data Analytics,Werkstudent,Stuttgart,1,Core Analytics & Student Entry,7,0.61
SS-OTH-20240511-001,Data Architect,Full-time,Other,2,Cloud Data Engineering,12,0.61
LI-BER-20250307-001,Praktikant Analytics,Praktikum,Berlin,1,Core Analytics & Student Entry,5,0.61
LI-BER-20241202-001,Data Engineer,Full-time,Berlin,4,Enterprise BI & Reporting,12,0.61
IND-DOR-20240224-001,Senior Data Analyst,Full-time,Dortmund,4,Enterprise BI & Reporting,8,0.61
LI-MUN-20240123-001,Praktikant Data Analyst,Praktikum,Munich,1,Core Analytics & Student Entry,7,0.61
LI-MUN-20250223-001,Business Intelligence Analyst,Full-time,Munich,2,Cloud Data Engineering,10,0.61
SS-HAM-20240229-002,Data Analyst,Full-time,Hamburg,2,Cloud Data Engineering,9,0.61
LI-DOR-20241103-001,Analytics Engineer,Full-time,Dortmund,3,ML & Research,12,0.61
SS-MUN-20240603-001,Data Architect,Full-time,Munich,1,Core Analytics & Student Entry,8,0.61
IND-MUN-20241214-002,Business Intelligence Analyst,Full-time,Munich,4,Enterprise BI & Reporting,10,0.61
LI-OTH-20241009-001,Werkstudent BI,Werkstudent,Other,3,ML & Research,14,0.61
LI-HAM-20240805-001,Praktikant Data Analyst,Praktikum,Hamburg,1,Core Analytics & Student Entry,8,0.61
LI-HAM-20241108-001,Business Intelligence Analyst,Full-time,Hamburg,1,Core Analytics & Student Entry,7,0.61
IND-MUN-20240630-001,Contract ML Engineer,Freelance/Contract,Munich,2,Cloud Data Engineering,13,0.61
IND-BER-20240903-001,Data Analyst,Full-time,Berlin,2,Cloud Data Engineering,15,0.61
LI-MUN-20240905-001,Data Engineer,Full-time,Munich,2,Cloud Data Engineering,11,0.61
SS-STU-20250313-001,Senior Data Analyst,Full-time,Stuttgart,1,Core Analytics & Student Entry,7,0.61
LI-MUN-20240704-002,Werkstudent Data Analytics,Werkstudent,Munich,1,Core Analytics & Student Entry,7,0.61
SS-MUN-20240726-001,Analytics Engineer,Full-time,Munich,2,Cloud Data Engineering,12,0.61
SS-BER-20240307-001,Data Scientist,Full-time,Berlin,2,Cloud Data Engineering,13,0.61
IND-STU-20240319-001,BI Engineer,Full-time,Stuttgart,3,ML & Research,11,0.61
SS-MUN-20240817-001,Praktikant Business Intelligence,Praktikum,Munich,1,Core Analytics & Student Entry,7,0.61
LI-HAM-20250112-001,Werkstudent BI,Werkstudent,Hamburg,1,Core Analytics & Student Entry,4,0.61
IND-HAM-20241231-002,Data Architect,Full-time,Hamburg,3,ML & Research,8,0.61
SS-BER-20250212-001,Werkstudent Machine Learning,Werkstudent,Berlin,4,Enterprise BI & Reporting,7,0.61
IND-BER-20241020-001,Senior Data Engineer,Full-time,Berlin,2,Cloud Data Engineering,14,0.61
IND-HAM-20240412-001,Analytics Engineer,Full-time,Hamburg,2,Cloud Data Engineering,13,0.61
IND-MUN-20250318-002,Data Analyst,Full-time,Munich,4,Enterprise BI & Reporting,11,0.61
LI-BER-20240414-001,Werkstudent BI,Werkstudent,Berlin,1,Core Analytics & Student Entry,8,0.61
IND-LEI-20240610-001,Data Scientist,Full-time,Leipzig,3,ML & Research,13,0.61
IND-COL-20250327-001,Data Analyst,Full-time,Cologne,2,Cloud Data Engineering,12,0.61
SS-MUN-20240814-001,BI Engineer,Full-time,Munich,2,Cloud Data Engineering,11,0.61
SS-FRA-20240128-001,Werkstudent Data Engineering,Werkstudent,Frankfurt,1,Core Analytics & Student Entry,7,0.61
SS-LEI-20240423-001,Werkstudent Data Analytics,Werkstudent,Leipzig,4,Enterprise BI & Reporting,8,0.61
SS-HAM-20240202-001,Werkstudent Machine Learning,Werkstudent,Hamburg,1,Core Analytics & Student Entry,4,0.61
LI-FRA-20250101-001,Praktikant Analytics,Praktikum,Frankfurt,3,ML & Research,14,0.61
LI-COL-20240602-001,ML Engineer,Full-time,Cologne,4,Enterprise BI & Reporting,9,0.61
LI-ESS-20241015-001,Data Engineer,Full-time,Essen,2,Cloud Data Engineering,12,0.61
SS-ESS-20250205-001,Praktikant Data Analyst,Praktikum,Essen,1,Core Analytics & Student Entry,5,0.61
SS-ESS-20240317-001,Freelance BI Consultant,Freelance/Contract,Essen,2,Cloud Data Engineering,12,0.61
SS-MUN-20240131-001,Data Engineer,Full-time,Munich,2,Cloud Data Engineering,12,0.61
LI-OTH-20240519-001,Analytics Engineer,Full-time,Other,3,ML & Research,13,0.61
SS-ESS-20240721-001,Werkstudent Machine Learning,Werkstudent,Essen,2,Cloud Data Engineering,11,0.61
SS-HAM-20240614-002,Contract ML Engineer,Freelance/Contract,Hamburg,3,ML & Research,15,0.61
LI-FRA-20241120-001,Senior Data Analyst,Full-time,Frankfurt,2,Cloud Data Engineering,14,0.61
SS-BER-20240816-001,Werkstudent BI,Werkstudent,Berlin,1,Core Analytics & Student Entry,8,0.61
IND-ESS-20240908-001,Senior Data Analyst,Full-time,Essen,4,Enterprise BI & Reporting,9,0.61
IND-MUN-20241214-001,Data Analyst,Full-time,Munich,3,ML & Research,16,0.61
SS-MUN-20241206-001,Data Analyst,Full-time,Munich,3,ML & Research,11,0.61
IND-FRA-20241016-001,Werkstudent Data Science,Werkstudent,Frankfurt,4,Enterprise BI & Reporting,8,0.61
IND-BER-20241124-002,BI Engineer,Full-time,Berlin,2,Cloud Data Engineering,14,0.61
SS-BER-20240204-001,Werkstudent Data Science,Werkstudent,Berlin,1,Core Analytics & Student Entry,9,0.61
SS-BER-20240929-001,Data Architect,Full-time,Berlin,2,Cloud Data Engineering,15,0.61
IND-OTH-20240717-001,Data Scientist,Full-time,Other,2,Cloud Data Engineering,11,0.61
SS-DÜS-20241105-001,Data Architect,Full-time,Düsseldorf,4,Enterprise BI & Reporting,9,0.61
SS-HAM-20241204-002,Senior Data Engineer,Full-time,Hamburg,1,Core Analytics & Student Entry,7,0.61
LI-BER-20240221-001,Data Analyst,Full-time,Berlin,2,Cloud Data Engineering,11,0.61
IND-BER-20240809-002,Data Architect,Full-time,Berlin,2,Cloud Data Engineering,14,0.61
LI-BER-20240224-003,Data Scientist,Full-time,Berlin,2,Cloud Data Engineering,11,0.61
SS-ESS-20240902-001,Business Intelligence Analyst,Full-time,Essen,3,ML & Research,13,0.61
SS-BER-20250331-002,Data Engineer,Full-time,Berlin,4,Enterprise BI & Reporting,7,0.61
SS-FRA-20250227-001,Business Intelligence Analyst,Full-time,Frankfurt,4,Enterprise BI & Reporting,5,0.61
SS-HAM-20241228-001,Werkstudent Data Engineering,Werkstudent,Hamburg,1,Core Analytics & Student Entry,9,0.61
IND-ESS-20250131-001,Analytics Engineer,Full-time,Essen,2,Cloud Data Engineering,13,0.61
SS-ESS-20250112-001,Senior Data Engineer,Full-time,Essen,3,ML & Research,10,0.61
SS-BER-20240918-001,Senior Data Analyst,Full-time,Berlin,1,Core Analytics & Student Entry,6,0.61
SS-BER-20240524-001,Praktikant Data Science,Praktikum,Berlin,1,Core Analytics & Student Entry,7,0.61
IND-FRA-20250318-001,Praktikant Analytics,Praktikum,Frankfurt,1,Core Analytics & Student Entry,7,0.61
LI-BER-20240505-001,BI Engineer,Full-time,Berlin,3,ML & Research,16,0.61
SS-DOR-20240113-002,Werkstudent Machine Learning,Werkstudent,Dortmund,4,Enterprise BI & Reporting,8,0.61
SS-OTH-20240430-001,Business Intelligence Analyst,Full-time,Other,2,Cloud Data Engineering,10,0.61
LI-STU-20240303-001,Praktikant Analytics,Praktikum,Stuttgart,1,Core Analytics & Student Entry,7,0.61
LI-BER-20241122-001,Senior Data Analyst,Full-time,Berlin,4,Enterprise BI & Reporting,8,0.61
IND-BER-20241126-001,Data Scientist,Full-time,Berlin,3,ML & Research,10,0.61
SS-DOR-20241108-001,Werkstudent Data Engineering,Werkstudent,Dortmund,1,Core Analytics & Student Entry,10,0.61
IND-BER-20240106-001,Praktikant Data Science,Praktikum,Berlin,1,Core Analytics & Student Entry,6,0.61
IND-BER-20241005-001,Praktikant Analytics,Praktikum,Berlin,1,Core Analytics & Student Entry,9,0.61
SS-NUR-20241019-001,Data Analyst,Full-time,Nuremberg,1,Core Analytics & Student Entry,8,0.61
SS-OTH-20241031-001,Data Engineer,Full-time,Other,1,Core Analytics & Student Entry,5,0.61
LI-MUN-20250209-001,Werkstudent BI,Werkstudent,Munich,1,Core Analytics & Student Entry,9,0.61
IND-BER-20240203-001,Data Engineer,Full-time,Berlin,3,ML & Research,16,0.61
LI-ESS-20240822-002,Data Engineer,Full-time,Essen,2,Cloud Data Engineering,13,0.61
IND-COL-20240614-001,Contract Data Analyst,Freelance/Contract,Cologne,2,Cloud Data Engineering,11,0.61
SS-MUN-20241023-001,Data Engineer,Full-time,Munich,2,Cloud Data Engineering,12,0.61
LI-FRA-20240205-002,Data Analyst,Full-time,Frankfurt,4,Enterprise BI & Reporting,8,0.61
SS-BER-20250326-002,BI Engineer,Full-time,Berlin,2,Cloud Data Engineering,12,0.61
SS-BER-20240630-001,Praktikant Analytics,Praktikum,Berlin,4,Enterprise BI & Reporting,7,0.61
IND-HAM-20241126-001,Werkstudent Data Science,Werkstudent,Hamburg,1,Core Analytics & Student Entry,8,0.61
LI-FRA-20240223-001,ML Engineer,Full-time,Frankfurt,2,Cloud Data Engineering,14,0.61
LI-BER-20250326-001,Business Intelligence Analyst,Full-time,Berlin,3,ML & Research,13,0.61
IND-MUN-20241103-001,Senior Data Engineer,Full-time,Munich,2,Cloud Data Engineering,11,0.61
IND-BER-20240531-001,Praktikant Analytics,Praktikum,Berlin,1,Core Analytics & Student Entry,10,0.61
SS-BER-20241217-002,Freelance Data Engineer,Freelance/Contract,Berlin,2,Cloud Data Engineering,11,0.61
IND-HAM-20240318-002,Werkstudent Data Science,Werkstudent,Hamburg,3,ML & Research,10,0.61
SS-MUN-20240816-001,Werkstudent Data Science,Werkstudent,Munich,1,Core Analytics & Student Entry,9,0.61
LI-OTH-20240422-001,Business Intelligence Analyst,Full-time,Other,1,Core Analytics & Student Entry,7,0.61
SS-HAM-20240403-001,Senior Data Engineer,Full-time,Hamburg,3,ML & Research,13,0.61
SS-HAM-20240417-001,Praktikant Business Intelligence,Praktikum,Hamburg,1,Core Analytics & Student Entry,10,0.61
LI-DOR-20241120-001,ML Engineer,Full-time,Dortmund,2,Cloud Data Engineering,10,0.61
SS-HAM-20250106-001,Contract Data Analyst,Freelance/Contract,Hamburg,2,Cloud Data Engineering,14,0.61
SS-HAM-20240609-001,Praktikant Analytics,Praktikum,Hamburg,4,Enterprise BI & Reporting,8,0.61
LI-OTH-20240914-002,BI Engineer,Full-time,Other,3,ML & Research,12,0.61
LI-BER-20240223-001,Data Architect,Full-time,Berlin,2,Cloud Data Engineering,9,0.61
IND-BER-20240420-001,Business Intelligence Analyst,Full-time,Berlin,2,Cloud Data Engineering,14,0.61
SS-OTH-20240730-001,Praktikant Data Science,Praktikum,Other,1,Core Analytics & Student Entry,8,0.61
IND-MUN-20240318-001,BI Engineer,Full-time,Munich,4,Enterprise BI & Reporting,5,0.61
LI-MUN-20250302-001,Business Intelligence Analyst,Full-time,Munich,2,Cloud Data Engineering,14,0.61
SS-MUN-20240203-001,Data Scientist,Full-time,Munich,2,Cloud Data Engineering,15,0.61
IND-MUN-20241110-001,Data Analyst,Full-time,Munich,1,Core Analytics & Student Entry,10,0.61
SS-DOR-20240508-001,Werkstudent Machine Learning,Werkstudent,Dortmund,1,Core Analytics & Student Entry,4,0.61
SS-OTH-20240507-001,Werkstudent BI,Werkstudent,Other,2,Cloud Data Engineering,10,0.61
SS-COL-20240820-001,Werkstudent Data Analytics,Werkstudent,Cologne,1,Core Analytics & Student Entry,7,0.61
SS-ESS-20240617-001,Werkstudent BI,Werkstudent,Essen,1,Core Analytics & Student Entry,5,0.61
LI-BER-20240821-001,Senior Data Analyst,Full-time,Berlin,2,Cloud Data Engineering,12,0.61
LI-OTH-20240803-001,Data Engineer,Full-time,Other,2,Cloud Data Engineering,13,0.61
IND-BER-20250110-002,Werkstudent BI,Werkstudent,Berlin,1,Core Analytics & Student Entry,6,0.61
IND-BER-20250309-001,ML Engineer,Full-time,Berlin,2,Cloud Data Engineering,14,0.61
SS-MUN-20240401-002,Senior Data Engineer,Full-time,Munich,2,Cloud Data Engineering,12,0.61
IND-MUN-20240827-001,Senior Data Engineer,Full-time,Munich,1,Core Analytics & Student Entry,5,0.61
LI-BER-20241112-001,Business Intelligence Analyst,Full-time,Berlin,3,ML & Research,12,0.61
SS-BER-20240226-001,Data Architect,Full-time,Berlin,3,ML & Research,13,0.61
SS-ESS-20240129-001,Data Analyst,Full-time,Essen,2,Cloud Data Engineering,14,0.61
IND-OTH-20240426-001,Senior Data Analyst,Full-time,Other,2,Cloud Data Engineering,12,0.61
IND-FRA-20240424-002,Data Scientist,Full-time,Frankfurt,2,Cloud Data Engineering,14,0.61
SS-FRA-20240216-001,Data Scientist,Full-time,Frankfurt,3,ML & Research,10,0.61
SS-BER-20250314-001,Business Intelligence Analyst,Full-time,Berlin,2,Cloud Data Engineering,11,0.61
LI-HAM-20240906-001,Senior Data Analyst,Full-time,Hamburg,2,Cloud Data Engineering,12,0.61
LI-STU-20241126-002,Senior Data Engineer,Full-time,Stuttgart,2,Cloud Data Engineering,16,0.61
IND-COL-20240827-001,BI Engineer,Full-time,Cologne,2,Cloud Data Engineering,14,0.61
LI-STU-20241012-001,Werkstudent Data Engineering,Werkstudent,Stuttgart,2,Cloud Data Engineering,11,0.61
IND-HAM-20240926-001,Data Architect,Full-time,Hamburg,4,Enterprise BI & Reporting,9,0.61
SS-COL-20250116-001,Data Engineer,Full-time,Cologne,4,Enterprise BI & Reporting,6,0.61
IND-COL-20241104-001,Senior Data Engineer,Full-time,Cologne,2,Cloud Data Engineering,10,0.61
IND-HAM-20240523-001,Werkstudent Data Engineering,Werkstudent,Hamburg,1,Core Analytics & Student Entry,8,0.61
SS-COL-20240107-001,Praktikant Data Science,Praktikum,Cologne,1,Core Analytics & Student Entry,9,0.61
LI-MUN-20241021-001,BI Engineer,Full-time,Munich,3,ML & Research,9,0.61
SS-DÜS-20240225-001,Freelance Data Engineer,Freelance/Contract,Düsseldorf,2,Cloud Data Engineering,10,0.61
IND-HAM-20241027-001,Werkstudent BI,Werkstudent,Hamburg,3,ML & Research,7,0.61
LI-BER-20240425-001,Business Intelligence Analyst,Full-time,Berlin,4,Enterprise BI & Reporting,4,0.61
SS-NUR-20240317-001,Data Analyst,Full-time,Nuremberg,3,ML & Research,16,0.61
SS-COL-20240120-001,Business Intelligence Analyst,Full-time,Cologne,2,Cloud Data Engineering,14,0.61
SS-HAM-20250308-001,BI Engineer,Full-time,Hamburg,2,Cloud Data Engineering,12,0.61
IND-OTH-20241223-001,Werkstudent Data Engineering,Werkstudent,Other,1,Core Analytics & Student Entry,7,0.61
SS-MUN-20241009-003,Senior Data Analyst,Full-time,Munich,3,ML & Research,11,0.61
LI-FRA-20240707-001,Werkstudent Machine Learning,Werkstudent,Frankfurt,1,Core Analytics & Student Entry,4,0.61
LI-FRA-20250315-001,Contract Data Analyst,Freelance/Contract,Frankfurt,1,Core Analytics & Student Entry,6,0.61
LI-COL-20240630-001,BI Engineer,Full-time,Cologne,2,Cloud Data Engineering,12,0.61
IND-BER-20240103-001,Freelance Data Engineer,Freelance/Contract,Berlin,4,Enterprise BI & Reporting,8,0.61
IND-MUN-20240830-001,ML Engineer,Full-time,Munich,4,Enterprise BI & Reporting,6,0.61
IND-HAM-20241026-002,Data Scientist,Full-time,Hamburg,3,ML & Research,11,0.61
SS-ESS-20240728-001,Data Engineer,Full-time,Essen,2,Cloud Data Engineering,11,0.61
IND-MUN-20241127-001,Analytics Engineer,Full-time,Munich,2,Cloud Data Engineering,16,0.61
SS-BER-20240908-001,Analytics Engineer,Full-time,Berlin,1,Core Analytics & Student Entry,4,0.61
SS-BER-20240702-001,Werkstudent Data Analytics,Werkstudent,Berlin,1,Core Analytics & Student Entry,6,0.61
SS-BER-20240807-001,Werkstudent Data Engineering,Werkstudent,Berlin,1,Core Analytics & Student Entry,8,0.61
SS-BER-20240930-002,Werkstudent Machine Learning,Werkstudent,Berlin,4,Enterprise BI & Reporting,8,0.61
LI-BER-20240224-002,Praktikant Analytics,Praktikum,Berlin,1,Core Analytics & Student Entry,6,0.61
SS-DOR-20240131-001,BI Engineer,Full-time,Dortmund,2,Cloud Data Engineering,13,0.61
IND-OTH-20241008-001,Data Architect,Full-time,Other,4,Enterprise BI & Reporting,8,0.61
IND-BER-20250316-001,Freelance BI Consultant,Freelance/Contract,Berlin,2,Cloud Data Engineering,12,0.61
LI-OTH-20250329-001,Werkstudent Machine Learning,Werkstudent,Other,1,Core Analytics & Student Entry,6,0.61
IND-MUN-20240525-001,Werkstudent BI,Werkstudent,Munich,1,Core Analytics & Student Entry,8,0.61
IND-OTH-20240526-001,Werkstudent Data Science,Werkstudent,Other,1,Core Analytics & Student Entry,12,0.61
LI-BER-20240406-002,Werkstudent Data Analytics,Werkstudent,Berlin,4,Enterprise BI & Reporting,7,0.61
IND-MUN-20241213-001,Werkstudent Data Analytics,Werkstudent,Munich,1,Core Analytics & Student Entry,6,0.61
SS-OTH-20240731-001,Freelance Data Engineer,Freelance/Contract,Other,1,Core Analytics & Student Entry,7,0.61
LI-BER-20250331-001,BI Engineer,Full-time,Berlin,4,Enterprise BI & Reporting,4,0.61
IND-OTH-20241202-001,Data Scientist,Full-time,Other,4,Enterprise BI & Reporting,9,0.61
SS-HAM-20240930-001,Werkstudent Machine Learning,Werkstudent,Hamburg,1,Core Analytics & Student Entry,9,0.61
IND-LEI-20241030-001,Data Scientist,Full-time,Leipzig,3,ML & Research,9,0.61
LI-BER-20240811-001,Data Engineer,Full-time,Berlin,2,Cloud Data Engineering,10,0.61
LI-MUN-20241001-002,Senior Data Analyst,Full-time,Munich,3,ML & Research,14,0.61
IND-BER-20241201-002,Werkstudent Data Engineering,Werkstudent,Berlin,1,Core Analytics & Student Entry,4,0.61
IND-MUN-20240405-001,Data Scientist,Full-time,Munich,2,Cloud Data Engineering,13,0.61
IND-BER-20240424-001,Werkstudent Data Analytics,Werkstudent,Berlin,4,Enterprise BI & Reporting,11,0.61
SS-HAM-20240501-001,Data Analyst,Full-time,Hamburg,2,Cloud Data Engineering,11,0.61
IND-MUN-20240409-001,Data Scientist,Full-time,Munich,4,Enterprise BI & Reporting,8,0.61
IND-HAM-20240916-002,Senior Data Engineer,Full-time,Hamburg,3,ML & Research,14,0.61
SS-ESS-20240408-001,Werkstudent BI,Werkstudent,Essen,1,Core Analytics & Student Entry,8,0.61
SS-MUN-20241021-002,Senior Data Analyst,Full-time,Munich,2,Cloud Data Engineering,14,0.61
SS-MUN-20241021-003,Senior Data Engineer,Full-time,Munich,3,ML & Research,10,0.61
SS-OTH-20250226-001,Data Analyst,Full-time,Other,1,Core Analytics & Student Entry,5,0.61
LI-LEI-20240407-001,Praktikant Data Analyst,Praktikum,Leipzig,4,Enterprise BI & Reporting,10,0.61
SS-HAM-20240430-002,Data Scientist,Full-time,Hamburg,1,Core Analytics & Student Entry,4,0.61
LI-FRA-20240812-001,Analytics Engineer,Full-time,Frankfurt,2,Cloud Data Engineering,13,0.61
LI-OTH-20240307-002,Praktikant Data Analyst,Praktikum,Other,1,Core Analytics & Student Entry,8,0.61
IND-FRA-20240725-001,Werkstudent Machine Learning,Werkstudent,Frankfurt,3,ML & Research,14,0.61
SS-MUN-20240628-001,Freelance Data Engineer,Freelance/Contract,Munich,2,Cloud Data Engineering,10,0.61
IND-ESS-20250107-001,Analytics Engineer,Full-time,Essen,4,Enterprise BI & Reporting,9,0.61
IND-BER-20240826-001,Werkstudent Data Engineering,Werkstudent,Berlin,3,ML & Research,10,0.61
SS-BER-20240720-001,Business Intelligence Analyst,Full-time,Berlin,2,Cloud Data Engineering,12,0.61
SS-BER-20250330-001,Praktikant Data Science,Praktikum,Berlin,1,Core Analytics & Student Entry,8,0.61
LI-FRA-20240512-001,Werkstudent Data Analytics,Werkstudent,Frankfurt,3,ML & Research,12,0.61
IND-DOR-20240216-001,Praktikant Data Analyst,Praktikum,Dortmund,1,Core Analytics & Student Entry,9,0.61
SS-BER-20240430-001,Praktikant Business Intelligence,Praktikum,Berlin,2,Cloud Data Engineering,10,0.61
SS-STU-20240614-001,Business Intelligence Analyst,Full-time,Stuttgart,1,Core Analytics & Student Entry,6,0.61
LI-STU-20240118-001,Data Scientist,Full-time,Stuttgart,3,ML & Research,12,0.61
IND-MUN-20241113-001,Analytics Engineer,Full-time,Munich,2,Cloud Data Engineering,13,0.61
SS-MUN-20240817-002,Werkstudent Data Science,Werkstudent,Munich,1,Core Analytics & Student Entry,7,0.61
LI-HAM-20241107-001,Data Analyst,Full-time,Hamburg,2,Cloud Data Engineering,13,0.61
SS-BER-20250308-002,ML Engineer,Full-time,Berlin,3,ML & Research,9,0.61
SS-MUN-20240313-002,Data Architect,Full-time,Munich,2,Cloud Data Engineering,10,0.61
SS-FRA-20250313-001,Data Engineer,Full-time,Frankfurt,1,Core Analytics & Student Entry,8,0.61
SS-FRA-20241230-001,Data Scientist,Full-time,Frankfurt,2,Cloud Data Engineering,8,0.61
LI-MUN-20241209-001,Data Scientist,Full-time,Munich,3,ML & Research,12,0.61
SS-HAM-20241022-001,Werkstudent BI,Werkstudent,Hamburg,1,Core Analytics & Student Entry,7,0.61
SS-DOR-20240806-001,Senior Data Engineer,Full-time,Dortmund,2,Cloud Data Engineering,14,0.61
LI-BER-20240727-001,Werkstudent Data Analytics,Werkstudent,Berlin,1,Core Analytics & Student Entry,7,0.61
SS-DÜS-20240117-001,Praktikant Business Intelligence,Praktikum,Düsseldorf,1,Core Analytics & Student Entry,8,0.61
SS-HAM-20250327-001,Data Analyst,Full-time,Hamburg,1,Core Analytics & Student Entry,5,0.61
IND-STU-20250320-001,Senior Data Engineer,Full-time,Stuttgart,3,ML & Research,11,0.61
SS-NUR-20240424-002,Werkstudent Data Analytics,Werkstudent,Nuremberg,1,Core Analytics & Student Entry,3,0.61
IND-MUN-20250203-003,Data Scientist,Full-time,Munich,3,ML & Research,14,0.61
LI-FRA-20240121-001,Contract ML Engineer,Freelance/Contract,Frankfurt,1,Core Analytics & Student Entry,8,0.61
LI-DÜS-20240603-001,Data Architect,Full-time,Düsseldorf,1,Core Analytics & Student Entry,5,0.61
LI-FRA-20240723-001,Data Analyst,Full-time,Frankfurt,1,Core Analytics & Student Entry,9,0.61
LI-OTH-20241209-001,Werkstudent Machine Learning,Werkstudent,Other,1,Core Analytics & Student Entry,8,0.61
LI-BER-20240618-001,Freelance BI Consultant,Freelance/Contract,Berlin,4,Enterprise BI & Reporting,8,0.61
LI-OTH-20250304-001,Data Engineer,Full-time,Other,3,ML & Research,8,0.61
LI-MUN-20241005-001,Werkstudent Machine Learning,Werkstudent,Munich,1,Core Analytics & Student Entry,8,0.61
IND-DÜS-20240729-001,BI Engineer,Full-time,Düsseldorf,2,Cloud Data Engineering,13,0.61
SS-DOR-20241109-001,Werkstudent Data Science,Werkstudent,Dortmund,1,Core Analytics & Student Entry,6,0.61
IND-FRA-20240803-001,Praktikant Data Analyst,Praktikum,Frankfurt,1,Core Analytics & Student Entry,7,0.61
IND-STU-20240107-001,Praktikant Analytics,Praktikum,Stuttgart,3,ML & Research,7,0.61
SS-NUR-20241104-001,Werkstudent Data Engineering,Werkstudent,Nuremberg,1,Core Analytics & Student Entry,6,0.61
SS-DOR-20240916-002,Senior Data Engineer,Full-time,Dortmund,2,Cloud Data Engineering,14,0.61
LI-HAM-20240324-001,Data Engineer,Full-time,Hamburg,1,Core Analytics & Student Entry,8,0.61
SS-STU-20250322-001,Praktikant Data Analyst,Praktikum,Stuttgart,1,Core Analytics & Student Entry,11,0.61
SS-FRA-20240914-001,Data Architect,Full-time,Frankfurt,2,Cloud Data Engineering,12,0.61
LI-MUN-20250305-001,Data Engineer,Full-time,Munich,4,Enterprise BI & Reporting,8,0.61
LI-BER-20240211-002,Senior Data Analyst,Full-time,Berlin,3,ML & Research,10,0.61
IND-BER-20240202-001,Werkstudent Data Engineering,Werkstudent,Berlin,1,Core Analytics & Student Entry,8,0.61
LI-MUN-20240320-001,Senior Data Engineer,Full-time,Munich,2,Cloud Data Engineering,11,0.61
LI-HAM-20240725-001,Werkstudent Data Analytics,Werkstudent,Hamburg,1,Core Analytics & Student Entry,8,0.61
LI-DOR-20240409-001,Werkstudent Data Analytics,Werkstudent,Dortmund,3,ML & Research,13,0.61
IND-MUN-20240819-001,Werkstudent BI,Werkstudent,Munich,1,Core Analytics & Student Entry,8,0.61
SS-MUN-20250212-001,Contract Data Analyst,Freelance/Contract,Munich,4,Enterprise BI & Reporting,8,0.61
IND-STU-20240615-001,Data Scientist,Full-time,Stuttgart,2,Cloud Data Engineering,14,0.61
LI-ESS-20240531-001,Data Engineer,Full-time,Essen,2,Cloud Data Engineering,11,0.61
SS-MUN-20240201-001,Business Intelligence Analyst,Full-time,Munich,3,ML & Research,11,0.61
LI-BER-20240319-001,Werkstudent Data Engineering,Werkstudent,Berlin,1,Core Analytics & Student Entry,9,0.61
SS-MUN-20241009-001,Werkstudent Data Analytics,Werkstudent,Munich,1,Core Analytics & Student Entry,7,0.61
SS-BER-20241017-004,Senior Data Analyst,Full-time,Berlin,3,ML & Research,14,0.61
IND-DOR-20240205-001,Data Analyst,Full-time,Dortmund,2,Cloud Data Engineering,12,0.61
SS-FRA-20240512-001,Business Intelligence Analyst,Full-time,Frankfurt,4,Enterprise BI & Reporting,6,0.61
LI-BER-20240727-002,ML Engineer,Full-time,Berlin,2,Cloud Data Engineering,11,0.61
IND-ESS-20240307-001,Senior Data Engineer,Full-time,Essen,3,ML & Research,15,0.61
LI-MUN-20240917-001,Business Intelligence Analyst,Full-time,Munich,2,Cloud Data Engineering,14,0.61
IND-FRA-20240929-001,Data Analyst,Full-time,Frankfurt,4,Enterprise BI & Reporting,10,0.61
SS-BER-20240529-002,Data Analyst,Full-time,Berlin,3,ML & Research,9,0.61
IND-STU-20240508-001,Data Analyst,Full-time,Stuttgart,4,Enterprise BI & Reporting,9,0.61
IND-COL-20240601-001,Business Intelligence Analyst,Full-time,Cologne,2,Cloud Data Engineering,11,0.61
IND-MUN-20240128-001,Werkstudent Machine Learning,Werkstudent,Munich,1,Core Analytics & Student Entry,6,0.61
SS-BER-20250319-001,Business Intelligence Analyst,Full-time,Berlin,2,Cloud Data Engineering,11,0.61
LI-BER-20240820-001,BI Engineer,Full-time,Berlin,3,ML & Research,12,0.61
IND-FRA-20241022-001,BI Engineer,Full-time,Frankfurt,1,Core Analytics & Student Entry,7,0.61
SS-FRA-20240323-002,Senior Data Analyst,Full-time,Frankfurt,3,ML & Research,16,0.61
IND-FRA-20240421-001,Data Analyst,Full-time,Frankfurt,2,Cloud Data Engineering,10,0.61
LI-HAM-20240229-001,Business Intelligence Analyst,Full-time,Hamburg,3,ML & Research,11,0.61
SS-MUN-20240617-001,Werkstudent BI,Werkstudent,Munich,4,Enterprise BI & Reporting,7,0.61
IND-HAM-20240721-001,Contract Data Analyst,Freelance/Contract,Hamburg,2,Cloud Data Engineering,10,0.61
IND-DOR-20240720-001,Contract ML Engineer,Freelance/Contract,Dortmund,1,Core Analytics & Student Entry,9,0.61
IND-BER-20250328-001,Business Intelligence Analyst,Full-time,Berlin,2,Cloud Data Engineering,11,0.61
LI-MUN-20250223-002,Werkstudent Data Science,Werkstudent,Munich,4,Enterprise BI & Reporting,9,0.61
SS-ESS-20250205-002,Senior Data Analyst,Full-time,Essen,2,Cloud Data Engineering,12,0.61
LI-FRA-20240510-001,Data Analyst,Full-time,Frankfurt,2,Cloud Data Engineering,11,0.61
SS-BER-20240514-002,Praktikant Business Intelligence,Praktikum,Berlin,1,Core Analytics & Student Entry,8,0.61
SS-HAM-20240723-001,Analytics Engineer,Full-time,Hamburg,4,Enterprise BI & Reporting,8,0.61
LI-NUR-20240718-001,Senior Data Engineer,Full-time,Nuremberg,4,Enterprise BI & Reporting,6,0.61
IND-ESS-20240620-001,BI Engineer,Full-time,Essen,4,Enterprise BI & Reporting,6,0.61
LI-MUN-20240925-001,Werkstudent Data Analytics,Werkstudent,Munich,1,Core Analytics & Student Entry,6,0.61
LI-HAM-20240508-002,BI Engineer,Full-time,Hamburg,2,Cloud Data Engineering,14,0.61
SS-MUN-20241016-001,Praktikant Analytics,Praktikum,Munich,1,Core Analytics & Student Entry,8,0.61
SS-HAM-20250308-003,Data Scientist,Full-time,Hamburg,4,Enterprise BI & Reporting,8,0.61
LI-BER-20240115-001,Data Architect,Full-time,Berlin,2,Cloud Data Engineering,11,0.61
IND-BER-20250107-001,Data Analyst,Full-time,Berlin,3,ML & Research,15,0.61
IND-BER-20240822-001,Data Analyst,Full-time,Berlin,1,Core Analytics & Student Entry,8,0.61
IND-MUN-20240122-001,Praktikant Data Science,Praktikum,Munich,1,Core Analytics & Student Entry,6,0.61
SS-FRA-20240517-002,Werkstudent Data Engineering,Werkstudent,Frankfurt,4,Enterprise BI & Reporting,7,0.61
LI-ESS-20240206-001,Praktikant Business Intelligence,Praktikum,Essen,1,Core Analytics & Student Entry,9,0.61
SS-BER-20240727-001,Data Engineer,Full-time,Berlin,3,ML & Research,12,0.61
SS-FRA-20241116-001,Data Architect,Full-time,Frankfurt,1,Core Analytics & Student Entry,7,0.61
IND-MUN-20240902-001,Praktikant Analytics,Praktikum,Munich,1,Core Analytics & Student Entry,5,0.61
IND-DOR-20240321-001,Werkstudent Data Engineering,Werkstudent,Dortmund,1,Core Analytics & Student Entry,5,0.61
SS-BER-20241007-001,Analytics Engineer,Full-time,Berlin,3,ML & Research,12,0.61
SS-ESS-20240311-001,Werkstudent Data Engineering,Werkstudent,Essen,1,Core Analytics & Student Entry,7,0.61
IND-BER-20250227-001,Senior Data Analyst,Full-time,Berlin,1,Core Analytics & Student Entry,7,0.61
LI-HAM-20240616-001,Werkstudent BI,Werkstudent,Hamburg,3,ML & Research,12,0.61
SS-BER-20241004-002,Data Scientist,Full-time,Berlin,4,Enterprise BI & Reporting,6,0.61
IND-FRA-20240601-001,Senior Data Engineer,Full-time,Frankfurt,2,Cloud Data Engineering,10,0.61
IND-FRA-20250304-001,Senior Data Analyst,Full-time,Frankfurt,3,ML & Research,16,0.61
LI-BER-20241025-001,Data Engineer,Full-time,Berlin,1,Core Analytics & Student Entry,6,0.61
IND-MUN-20241212-001,Data Architect,Full-time,Munich,2,Cloud Data Engineering,12,0.61
IND-MUN-20241221-001,Praktikant Business Intelligence,Praktikum,Munich,1,Core Analytics & Student Entry,8,0.61
IND-STU-20241215-002,Senior Data Analyst,Full-time,Stuttgart,4,Enterprise BI & Reporting,9,0.61
SS-NUR-20240216-001,Data Engineer,Full-time,Nuremberg,4,Enterprise BI & Reporting,5,0.61
IND-BER-20240417-002,Data Engineer,Full-time,Berlin,3,ML & Research,10,0.61
IND-FRA-20250225-001,Freelance Data Engineer,Freelance/Contract,Frankfurt,2,Cloud Data Engineering,13,0.61
IND-BER-20241209-001,Data Engineer,Full-time,Berlin,1,Core Analytics & Student Entry,6,0.61
SS-MUN-20241120-001,ML Engineer,Full-time,Munich,1,Core Analytics & Student Entry,8,0.61
SS-DOR-20250217-001,Data Analyst,Full-time,Dortmund,1,Core Analytics & Student Entry,6,0.61
IND-OTH-20240313-001,Data Scientist,Full-time,Other,3,ML & Research,9,0.61
SS-BER-20241031-001,Senior Data Engineer,Full-time,Berlin,2,Cloud Data Engineering,12,0.61
SS-MUN-20240108-001,Senior Data Engineer,Full-time,Munich,4,Enterprise BI & Reporting,7,0.61
SS-HAM-20240110-001,Werkstudent Machine Learning,Werkstudent,Hamburg,1,Core Analytics & Student Entry,6,0.61
IND-MUN-20250131-001,Praktikant Business Intelligence,Praktikum,Munich,1,Core Analytics & Student Entry,6,0.61
SS-NUR-20240723-001,Werkstudent Machine Learning,Werkstudent,Nuremberg,2,Cloud Data Engineering,12,0.61
LI-FRA-20240514-001,Praktikant Business Intelligence,Praktikum,Frankfurt,1,Core Analytics & Student Entry,7,0.61
SS-MUN-20241225-001,Data Architect,Full-time,Munich,4,Enterprise BI & Reporting,6,0.61
